Date	Precipitation[mm]	Temperature[degC]	Temperature_Daylight[degC]	PAR[µmolm-2s-1]	Daylength[h]	PET[mm]
2013-01-01	0.9	6.5723358	6.5723358	50.821056	7.943773	0.601255
2013-01-02	0	4.4370468	4.4370468	61.902889	7.964008	0.399622
2013-01-03	0.6	6.5082532	6.5082532	16.213338	7.985895	0.653323
2013-01-04	5.9	8.7915288	8.7915288	18.360761	8.009409	0.879492
2013-01-05	0.5	7.7217414	7.7217414	23.650755	8.034523	0.723065
2013-01-06	3.4	6.74925	6.74925	22.709906	8.061206	0.624765
2013-01-07	0.5	5.4898258	5.4898258	24.541466	8.08943	0.534521
2013-01-08	1.1	5.8676262	5.8676262	10.828895	8.119164	0.562762
2013-01-09	2.8	5.8269132	5.8269132	22.438942	8.150373	0.559648
2013-01-10	2.1	3.3714108	3.3714108	65.139898	8.183027	0.300602
2013-01-11	0	-0.7192406	-0.7192406	81.099804	8.217089	0
2013-01-12	0	-2.2210008	-2.2210008	102.460567	8.252525	0
2013-01-13	0.2	-2.645742	-2.645742	68.240155	8.2893	0
2013-01-14	0	-3.3873478	-3.3873478	98.74991	8.327378	0
2013-01-15	0	-5.405989	-5.405989	116.522501	8.366721	0
2013-01-16	1.5	-3.3036452	-3.3036452	48.032903	8.407294	0
2013-01-17	0	-2.2556872	-2.2556872	48.380857	8.449059	0
2013-01-18	0	-3.6035688	-3.6035688	67.220055	8.49198	0
2013-01-19	0	-6.2598234	-6.2598234	70.555309	8.536019	0
2013-01-20	0	-5.7436122	-5.7436122	78.482388	8.58114	0
2013-01-21	3	-5.5216998	-5.5216998	37.599617	8.627305	0
2013-01-22	0	-7.2482518	-7.2482518	89.83691	8.67448	0
2013-01-23	1.9	-6.3968278	-6.3968278	95.364291	8.722626	0
2013-01-24	0	-5.0382328	-5.0382328	67.21308	8.77171	0
2013-01-25	0	-6.439952	-6.439952	86.697029	8.821695	0
2013-01-26	0	-6.4070064	-6.4070064	155.145459	8.872548	0
2013-01-27	0.6	0.097564	0.097564	55.033536	8.924233	0
2013-01-28	0	2.960464	2.960464	138.125145	8.976718	0.195535
2013-01-29	4.3	5.4815226	5.4815226	41.217428	9.02997	0.618387
2013-01-30	6.7	10.0539664	10.0539664	38.104736	9.083956	1.05302
2013-01-31	3.8	6.191857	6.191857	122.129822	9.138646	0.618169
2013-02-01	4.1	4.8563634	4.8563634	77.346621	9.194009	0.461456
2013-02-02	1.7	1.9098946	1.9098946	77.734666	9.250015	0.119863
2013-02-03	0.5	1.4443736	1.4443736	110.275858	9.306635	0.101166
2013-02-04	2.1	4.2460036	4.2460036	35.963728	9.36384	0.366328
2013-02-05	0.3	3.3148948	3.3148948	108.130467	9.421604	0.248736
2013-02-06	0	-0.232091	-0.232091	144.150824	9.4799	0
2013-02-07	0.9	-0.0756002	-0.0756002	152.679697	9.538702	0
2013-02-08	0.9	-0.7815154	-0.7815154	130.585233	9.597986	0
2013-02-09	0.5	-1.843803	-1.843803	145.188358	9.657727	0
2013-02-10	0	-2.259772	-2.259772	208.216848	9.717902	0
2013-02-11	0	-2.7867642	-2.7867642	121.295617	9.778488	0
2013-02-12	0	-1.3566532	-1.3566532	110.317244	9.839465	0
2013-02-13	0.2	-2.2035238	-2.2035238	140.458368	9.90081	0
2013-02-14	0	-2.3690544	-2.3690544	129.292241	9.962505	0
2013-02-15	0	0.2331622	0.2331622	189.781443	10.02453	0
2013-02-16	0	1.6409748	1.6409748	100.88647	10.086867	0.142502
2013-02-17	0	0.858321	0.858321	83.344333	10.149497	0.067126
2013-02-18	0	0.5365008	0.5365008	109.112258	10.212403	0.034114
2013-02-19	3.1	0.2153502	0.2153502	72.798046	10.27557	0.025017
2013-02-20	0	-1.3109184	-1.3109184	193.174623	10.338982	0
2013-02-21	0	-3.234674	-3.234674	146.76963	10.402623	0
2013-02-22	0	-3.944138	-3.944138	191.252122	10.466479	0
2013-02-23	1.5	-3.4739968	-3.4739968	91.838162	10.530537	0
2013-02-24	3.9	-0.34519	-0.34519	91.367854	10.594784	0
2013-02-25	4.9	0.7294188	0.7294188	81.430929	10.659205	0.093396
2013-02-26	0	0.428089	0.428089	59.750683	10.723791	0.050896
2013-02-27	0.5	0.120264	0.120264	98.816125	10.788529	0.016108
2013-02-28	0	0.9348586	0.9348586	147.034508	10.853408	0.051073
2013-03-01	0	1.1741146	1.1741146	138.64376	10.918417	0.036455
2013-03-02	0	0.5836422	0.5836422	299.709867	10.983547	0
2013-03-03	0	1.6950132	1.6950132	168.607895	11.048788	0.058751
2013-03-04	0	2.7540198	2.7540198	316.913845	11.114131	0.049153
2013-03-05	0	3.3604958	3.3604958	340.080133	11.179566	0.21043
2013-03-06	0	4.9470304	4.9470304	342.648939	11.245086	0.465033
2013-03-07	1.7	4.5589846	4.5589846	156.911818	11.310681	0.520154
2013-03-08	0.1	2.2743028	2.2743028	105.128346	11.376345	0.402331
2013-03-09	1.3	0.249635	0.249635	53.051861	11.44207	0.02271
2013-03-10	1.6	-0.2408628	-0.2408628	103.737267	11.507849	0.093457
2013-03-11	0	-4.554699	-4.554699	177.446287	11.573674	0
2013-03-12	2.2	-4.5222224	-4.5222224	148.166261	11.639539	0
2013-03-13	1	-5.6206028	-5.6206028	239.092063	11.705437	0
2013-03-14	0.3	-5.0417818	-5.0417818	341.414257	11.771362	0
2013-03-15	0.4	-4.0776606	-4.0776606	338.019777	11.837308	0
2013-03-16	0	-3.4329488	-3.4329488	402.99314	11.903269	0
2013-03-17	0	0.988897	0.988897	301.256615	11.969238	0.056702
2013-03-18	8	0.0765378	0.0765378	137.609261	12.035211	0.113007
2013-03-19	3.1	-0.7383248	-0.7383248	217.885366	12.10118	0
2013-03-20	7	-0.6457162	-0.6457162	237.647946	12.167142	0
2013-03-21	1.3	-1.1261026	-1.1261026	228.847601	12.233089	0
2013-03-22	0	-3.3006318	-3.3006318	198.202161	12.299017	0
2013-03-23	0	-5.89642	-5.89642	389.906151	12.364919	0
2013-03-24	0	-6.0673746	-6.0673746	468.674297	12.430791	0
2013-03-25	0	-3.9174874	-3.9174874	428.943994	12.496627	0
2013-03-26	0	-2.8481016	-2.8481016	459.302907	12.56242	0
2013-03-27	0	-2.2197954	-2.2197954	359.053306	12.628166	0
2013-03-28	0	-0.233765	-0.233765	240.211933	12.693858	0
2013-03-29	6	-0.5862538	-0.5862538	242.192037	12.759491	0
2013-03-30	0	-0.656497	-0.656497	296.750842	12.825058	0
2013-03-31	0.8	-0.5886644	-0.5886644	251.933447	12.890553	0
2013-04-01	0.2	-0.0538374	-0.0538374	289.149449	12.955969	0
2013-04-02	0	0.4444948	0.4444948	258.184196	13.021301	0
2013-04-03	0	0.392867	0.392867	192.054332	13.086541	0
2013-04-04	0	0.9728262	0.9728262	186.754392	13.151683	0.049929
2013-04-05	0	1.3196232	1.3196232	141.125702	13.216718	0.128202
2013-04-06	0	1.1998278	1.1998278	184.226599	13.28164	0.147389
2013-04-07	0	2.5645838	2.5645838	400.063735	13.34644	0.24259
2013-04-08	0	3.392035	3.392035	445.051344	13.411111	0.40372
2013-04-09	0	6.1264346	6.1264346	400.393765	13.475644	0.88642
2013-04-10	4.9	6.1310554	6.1310554	302.089214	13.540029	1.02721
2013-04-11	2.1	10.3615904	10.3615904	249.958591	13.604259	1.561194
2013-04-12	7.1	10.4187764	10.4187764	261.708929	13.668323	1.719855
2013-04-13	0.2	9.4556594	9.4556594	440.392348	13.732212	1.629136
2013-04-14	0.1	11.0176858	11.0176858	310.310904	13.795915	1.886486
2013-04-15	0	15.759745	15.759745	552.707055	13.859421	2.78352
2013-04-16	0	15.8297204	15.8297204	476.46264	13.922718	2.536241
2013-04-17	0	16.5081142	16.5081142	392.319624	13.985796	2.748888
2013-04-18	0	17.0598824	17.0598824	513.790535	14.048642	3.097182
2013-04-19	0	12.0712686	12.0712686	416.984798	14.111243	2.04442
2013-04-20	0	7.5797146	7.5797146	419.255687	14.173586	1.300812
2013-04-21	0	10.1124914	10.1124914	439.061266	14.235657	1.926842
2013-04-22	0	11.0892686	11.0892686	337.488483	14.297442	2.007003
2013-04-23	0	12.3507018	12.3507018	461.760847	14.358925	2.189793
2013-04-24	0	14.3321118	14.3321118	482.470533	14.420091	2.598715
2013-04-25	0	16.3028084	16.3028084	510.789716	14.480925	3.080941
2013-04-26	6.5	16.1502014	16.1502014	516.740247	14.541408	3.283512
2013-04-27	9.2	6.3025454	6.3025454	84.458063	14.601524	1.174461
2013-04-28	2.7	7.9878492	7.9878492	394.259005	14.661255	1.526213
2013-04-29	0	10.5312058	10.5312058	345.750922	14.720581	1.978964
2013-04-30	1.4	8.6009532	8.6009532	315.969045	14.779485	1.789475
2013-05-01	0	10.4679264	10.4679264	311.530106	14.837944	2.032186
2013-05-02	0	10.8841634	10.8841634	212.702983	14.89594	2.262237
2013-05-03	0	12.0627642	12.0627642	382.962561	14.953449	2.232449
2013-05-04	0.2	11.7061908	11.7061908	332.563857	15.010452	2.179094
2013-05-05	0	14.2320704	14.2320704	625.849348	15.066923	2.688608
2013-05-06	0	15.029322	15.029322	576.153581	15.122841	2.932939
2013-05-07	10.6	14.6737528	14.6737528	278.481353	15.178181	3.053053
2013-05-08	0	17.4337324	17.4337324	517.477565	15.232917	3.395707
2013-05-09	4.1	16.14759	16.14759	528.339289	15.287026	3.425027
2013-05-10	0	14.924794	14.924794	412.774324	15.340481	2.940893
2013-05-11	0	12.7449076	12.7449076	490.422605	15.393254	2.556377
2013-05-12	0.1	10.2683792	10.2683792	464.350195	15.445319	2.089459
2013-05-13	0	10.0154632	10.0154632	282.134884	15.496648	1.936149
2013-05-14	0	12.3755448	12.3755448	498.102654	15.547212	2.649119
2013-05-15	1.9	16.011121	16.011121	654.56622	15.596982	3.39784
2013-05-16	0.6	17.6632116	17.6632116	605.666425	15.645929	3.716901
2013-05-17	0.1	18.338726	18.338726	588.504124	15.694023	3.928073
2013-05-18	13.4	12.7700856	12.7700856	205.345708	15.741233	2.705877
2013-05-19	0.1	14.146158	14.146158	560.21576	15.787529	3.024771
2013-05-20	0.1	13.5716896	13.5716896	392.123378	15.832879	2.813878
2013-05-21	0	12.6600668	12.6600668	486.808162	15.877252	2.610895
2013-05-22	18.4	9.2743928	9.2743928	152.259974	15.920617	1.874167
2013-05-23	0	8.568813	8.568813	478.888861	15.96294	1.849373
2013-05-24	0.3	7.65873	7.65873	264.722307	16.004192	1.634131
2013-05-25	5.3	9.1033046	9.1033046	425.430306	16.044339	1.934295
2013-05-26	32.4	8.7996984	8.7996984	71.954087	16.083349	1.773597
2013-05-27	4.1	10.0325386	10.0325386	139.488516	16.121191	2.081662
2013-05-28	0.5	12.43119	12.43119	485.518505	16.157833	2.652701
2013-05-29	7	12.9267102	12.9267102	448.700991	16.193244	2.660847
2013-05-30	8.2	11.1825466	11.1825466	271.047569	16.227393	2.524377
2013-05-31	16.1	13.5706184	13.5706184	194.263625	16.260249	3.150217
2013-06-01	5	13.2280396	13.2280396	240.053428	16.291782	3.075321
2013-06-02	5	9.9072524	9.9072524	123.279746	16.321963	2.206133
2013-06-03	0.6	11.3097008	11.3097008	318.890851	16.350762	2.377411
2013-06-04	0	12.9136522	12.9136522	342.234687	16.378153	2.784151
2013-06-05	0	14.2618684	14.2618684	767.09378	16.404108	3.033237
2013-06-06	0	15.9998046	15.9998046	670.49935	16.428601	3.392595
2013-06-07	0	17.851844	17.851844	668.507826	16.451607	3.857107
2013-06-08	0	18.2806026	18.2806026	555.656789	16.473103	3.928315
2013-06-09	18.7	15.4792408	15.4792408	499.993421	16.493066	3.764706
2013-06-10	0	15.4044438	15.4044438	463.610431	16.511476	3.500593
2013-06-11	0	15.6832072	15.6832072	552.719116	16.528312	3.556854
2013-06-12	0	17.9913262	17.9913262	620.992478	16.543556	3.946102
2013-06-13	2.4	20.471069	20.471069	569.690031	16.557192	4.705545
2013-06-14	11.3	15.0139206	15.0139206	494.362784	16.569206	3.460303
2013-06-15	0	16.447982	16.447982	542.21362	16.579583	3.80459
2013-06-16	0	16.0369016	16.0369016	604.204467	16.588314	3.90079
2013-06-17	0	18.9818302	18.9818302	687.432028	16.595388	4.333163
2013-06-18	0	22.6494148	22.6494148	704.633765	16.600797	5.213082
2013-06-19	0	25.7872618	25.7872618	698.463564	16.604537	6.089214
2013-06-20	5	23.2210036	23.2210036	674.01732	16.606604	5.904061
2013-06-21	4.1	19.6447556	19.6447556	635.51043	16.606995	4.690552
2013-06-22	0	18.8783066	18.8783066	564.747095	16.60571	4.321089
2013-06-23	0	17.9495416	17.9495416	552.031003	16.602753	4.080402
2013-06-24	1.5	15.5818936	15.5818936	491.302692	16.598127	3.647887
2013-06-25	2.9	12.6117202	12.6117202	245.319882	16.591838	2.92748
2013-06-26	1.1	11.6814144	11.6814144	338.95312	16.583894	2.687424
2013-06-27	0	13.351786	13.351786	608.677668	16.574305	2.935424
2013-06-28	0	14.308541	14.308541	564.267041	16.563083	3.083465
2013-06-29	1	13.7709018	13.7709018	156.505125	16.55024	3.066579
2013-06-30	0	12.6168092	12.6168092	322.861521	16.535792	2.890176
2013-07-01	0.2	18.7190038	18.7190038	670.028992	16.519757	4.114655
2013-07-02	3.6	18.2068104	18.2068104	570.109689	16.502151	4.059189
2013-07-03	0	18.8132866	18.8132866	528.595996	16.482995	4.249142
2013-07-04	0	18.9546434	18.9546434	456.986281	16.462311	4.367248
2013-07-05	0	19.3005704	19.3005704	536.484151	16.440121	4.380492
2013-07-06	0	18.4760652	18.4760652	589.753248	16.416449	4.268113
2013-07-07	0	18.30799	18.30799	745.892518	16.391321	4.154882
2013-07-08	0	19.352399	19.352399	723.099708	16.364761	4.378996
2013-07-09	0	20.3337962	20.3337962	638.088025	16.336798	4.644474
2013-07-10	0	17.6162708	17.6162708	625.300415	16.307459	4.099138
2013-07-11	0	15.653476	15.653476	433.939171	16.276774	3.680136
2013-07-12	0	16.3215574	16.3215574	546.034907	16.244772	3.743984
2013-07-13	0	17.7355306	17.7355306	520.245681	16.211483	3.905333
2013-07-14	0	16.0567222	16.0567222	365.89887	16.176938	3.695476
2013-07-15	0	16.9712914	16.9712914	531.782666	16.141167	3.701994
2013-07-16	0	19.0979428	19.0979428	702.326814	16.104203	4.229091
2013-07-17	0	20.2452056	20.2452056	616.367183	16.066077	4.607502
2013-07-18	0	20.8436464	20.8436464	600.731722	16.026821	4.73871
2013-07-19	0	20.5194154	20.5194154	692.726302	15.986467	4.710691
2013-07-20	0	19.4490252	19.4490252	399.97727	15.945046	4.36505
2013-07-21	0	20.6283628	20.6283628	721.481171	15.902592	4.609662
2013-07-22	0	21.6823474	21.6823474	722.923982	15.859135	5.150052
2013-07-23	0	23.1200248	23.1200248	695.090838	15.814707	5.357266
2013-07-24	5.5	21.819151	21.819151	594.673635	15.76934	5.075944
2013-07-25	0	21.5825736	21.5825736	556.00529	15.723065	4.897962
2013-07-26	1.3	23.7216798	23.7216798	571.160544	15.675912	5.441292
2013-07-27	0	25.1980616	25.1980616	579.004177	15.627912	5.657092
2013-07-28	8	25.5861744	25.5861744	558.490129	15.579095	5.756543
2013-07-29	7.1	20.0352788	20.0352788	351.209142	15.52949	4.432223
2013-07-30	0	19.6215868	19.6215868	526.067011	15.479127	4.268364
2013-07-31	0.1	18.874356	18.874356	343.812211	15.428032	4.321091
2013-08-01	0	21.8306684	21.8306684	643.525116	15.376235	4.802774
2013-08-02	0	25.416693	25.416693	662.940323	15.323763	5.596824
2013-08-03	0.1	24.3551418	24.3551418	582.392632	15.270641	5.412354
2013-08-04	4.2	20.7864604	20.7864604	419.609901	15.216897	4.59452
2013-08-05	0	20.3689512	20.3689512	462.606698	15.162555	4.677645
2013-08-06	8.7	22.6386338	22.6386338	531.333183	15.10764	5.020842
2013-08-07	0.2	18.874222	18.874222	424.252791	15.052176	4.572216
2013-08-08	2.5	19.91843	19.91843	408.069963	14.996186	4.368364
2013-08-09	0	17.2614386	17.2614386	368.603563	14.939693	3.702147
2013-08-10	0.8	18.7976172	18.7976172	543.348869	14.882719	3.816124
2013-08-11	0	16.4330496	16.4330496	365.301841	14.825284	3.34154
2013-08-12	7.6	17.7481862	17.7481862	416.044992	14.767411	3.525801
2013-08-13	4.1	14.4642952	14.4642952	541.599211	14.709118	3.205967
2013-08-14	0	14.6808508	14.6808508	447.82441	14.650425	2.87779
2013-08-15	0	16.0202278	16.0202278	423.520042	14.591349	3.172619
2013-08-16	0	19.4896042	19.4896042	593.060304	14.531911	3.934135
2013-08-17	0	19.755578	19.755578	514.699949	14.472125	4.126858
2013-08-18	0	19.9979812	19.9979812	308.153477	14.41201	4.135358
2013-08-19	4.2	17.5040424	17.5040424	287.045282	14.351581	3.763966
2013-08-20	0	15.9786444	15.9786444	408.508439	14.290853	3.232834
2013-08-21	0	16.588	16.588	407.681273	14.229842	3.155014
2013-08-22	0	17.090551	17.090551	544.988086	14.168561	3.38732
2013-08-23	1.4	15.8818172	15.8818172	360.33153	14.107024	3.20239
2013-08-24	0	18.5135638	18.5135638	539.740412	14.045245	3.566861
2013-08-25	0	18.3622962	18.3622962	381.425251	13.983235	3.534438
2013-08-26	0	17.3855196	17.3855196	359.153384	13.921008	3.299838
2013-08-27	0	16.0546464	16.0546464	354.707318	13.858574	3.097123
2013-08-28	0	17.0243256	17.0243256	387.712072	13.795945	3.125798
2013-08-29	0	17.4010546	17.4010546	457.132028	13.733131	3.284936
2013-08-30	0	18.241028	18.241028	376.911793	13.670142	3.451506
2013-08-31	1.3	18.2766518	18.2766518	330.557763	13.606989	3.298723
2013-09-01	0	13.868265	13.868265	313.652252	13.543681	2.625166
2013-09-02	0.6	14.785044	14.785044	79.784515	13.480226	2.687165
2013-09-03	0	17.6581894	17.6581894	151.722271	13.416633	3.234217
2013-09-04	0	18.4788106	18.4788106	173.222217	13.35291	3.280131
2013-09-05	0	18.5509288	18.5509288	463.241492	13.289066	3.469291
2013-09-06	0	19.6645766	19.6645766	498.215925	13.225107	3.586888
2013-09-07	0	20.4490384	20.4490384	483.070639	13.161042	3.673314
2013-09-08	2.8	17.6137936	17.6137936	265.954885	13.096877	3.351204
2013-09-09	45	12.9470666	12.9470666	190.434708	13.032619	2.359471
2013-09-10	1.3	12.9032062	12.9032062	321.663069	12.968274	2.353522
2013-09-11	5.4	11.772751	11.772751	124.86448	12.903849	1.959747
2013-09-12	1.4	11.6037386	11.6037386	247.027612	12.839349	1.937729
2013-09-13	2.2	13.6877352	13.6877352	326.190891	12.774782	2.31166
2013-09-14	0	14.7362286	14.7362286	257.114094	12.710151	2.543558
2013-09-15	0	14.4766162	14.4766162	161.877377	12.645464	2.536985
2013-09-16	1.9	12.896644	12.896644	114.08625	12.580725	2.201847
2013-09-17	0	10.1939174	10.1939174	322.08041	12.51594	1.714606
2013-09-18	1.7	10.4760958	10.4760958	174.021592	12.451114	1.790217
2013-09-19	0	11.3434566	11.3434566	278.170594	12.386252	1.874637
2013-09-20	0.3	12.7698848	12.7698848	198.115244	12.321359	2.098719
2013-09-21	0	13.047577	13.047577	203.56568	12.25644	2.160342
2013-09-22	0	13.8601624	13.8601624	250.054957	12.191501	2.312745
2013-09-23	0	15.363195	15.363195	165.114241	12.126546	2.559987
2013-09-24	0	15.1929774	15.1929774	162.999319	12.061581	2.438307
2013-09-25	0	12.9539636	12.9539636	110.806875	11.99661	2.215115
2013-09-26	2.1	11.2466296	11.2466296	180.883096	11.931639	2.001968
2013-09-27	0	7.1992356	7.1992356	235.339132	11.866672	1.615839
2013-09-28	0	8.348909	8.348909	346.189028	11.801716	1.492252
2013-09-29	0	9.3361322	9.3361322	368.959879	11.736776	1.474301
2013-09-30	0	8.085011	8.085011	364.822037	11.671856	1.319045
2013-10-01	0	7.5158998	7.5158998	319.369347	11.606964	1.229526
2013-10-02	0	7.348762	7.348762	361.462364	11.542104	1.235461
2013-10-03	0	6.7754322	6.7754322	361.679394	11.477283	1.070901
2013-10-04	0	8.2504076	8.2504076	278.06045	11.412508	1.336747
2013-10-05	0	11.4215348	11.4215348	144.250334	11.347784	1.669752
2013-10-06	6.3	11.7869472	11.7869472	33.886755	11.283118	1.72134
2013-10-07	0	13.1778182	13.1778182	81.738342	11.218518	1.936758
2013-10-08	0	12.6298668	12.6298668	243.604217	11.15399	1.891728
2013-10-09	1	13.1870586	13.1870586	125.094666	11.089543	1.938428
2013-10-10	6.7	8.7011968	8.7011968	43.667766	11.025185	1.301772
2013-10-11	24.2	8.029098	8.029098	28.933986	10.960923	1.082621
2013-10-12	0.6	7.4670172	7.4670172	92.973743	10.896767	1.055933
2013-10-13	0	6.3524324	6.3524324	197.911913	10.832725	0.945654
2013-10-14	0.1	7.7354688	7.7354688	191.300651	10.768808	1.1882
2013-10-15	7.6	10.2228452	10.2228452	137.640535	10.705025	1.383735
2013-10-16	0	9.1278796	9.1278796	138.530917	10.641386	1.233392
2013-10-17	1.5	11.1703594	11.1703594	192.675433	10.577903	1.619736
2013-10-18	0.2	9.6495818	9.6495818	118.898363	10.514588	1.430884
2013-10-19	0	9.8933912	9.8933912	248.160789	10.451451	1.449949
2013-10-20	0	15.5196188	15.5196188	134.120284	10.388506	2.141855
2013-10-21	0	14.1756212	14.1756212	168.343848	10.325766	2.039424
2013-10-22	0	14.687882	14.687882	221.716094	10.263245	2.237409
2013-10-23	0	16.175848	16.175848	126.26309	10.200957	2.34654
2013-10-24	0.5	13.1569928	13.1569928	157.633139	10.138916	1.906224
2013-10-25	0.1	10.9471746	10.9471746	106.651048	10.07714	1.700466
2013-10-26	0.5	16.1187964	16.1187964	142.807725	10.015644	2.275715
2013-10-27	4.2	15.2829076	15.2829076	175.010844	9.954445	2.118224
2013-10-28	0	15.4139524	15.4139524	164.561336	9.893561	2.05408
2013-10-29	0.1	11.5015546	11.5015546	183.083012	9.83301	1.504973
2013-10-30	0	8.4083044	8.4083044	188.867139	9.772813	1.094044
2013-10-31	0	5.872983	5.872983	210.123006	9.712988	0.81363
2013-11-01	0	8.1579998	8.1579998	91.64736	9.653557	1.011783
2013-11-02	2.8	11.2807802	11.2807802	31.041044	9.594542	1.434091
2013-11-03	1.1	10.0512878	10.0512878	86.235152	9.535965	1.219968
2013-11-04	1.2	9.2366934	9.2366934	83.775973	9.47785	1.112989
2013-11-05	0	6.9300478	6.9300478	125.333131	9.420219	0.81452
2013-11-06	3.6	7.7147772	7.7147772	151.072195	9.363099	0.907001
2013-11-07	5.7	12.519915	12.519915	20.809294	9.306516	1.613913
2013-11-08	13.2	9.1562048	9.1562048	81.128583	9.250495	1.194781
2013-11-09	0.7	8.9970356	8.9970356	156.99545	9.195065	1.098831
2013-11-10	0.2	5.9913052	5.9913052	91.861167	9.140253	0.743845
2013-11-11	0	4.6598966	4.6598966	87.569226	9.086089	0.650656
2013-11-12	1.3	3.7610636	3.7610636	138.776844	9.032602	0.416116
2013-11-13	1	5.9781808	5.9781808	70.930295	8.979824	0.660568
2013-11-14	0	1.9767898	1.9767898	88.61601	8.927785	0.245134
2013-11-15	0	1.3655594	1.3655594	70.177055	8.876518	0.357951
2013-11-16	0	1.446048	1.446048	121.939358	8.826055	0.268447
2013-11-17	0	1.8342274	1.8342274	48.77655	8.776431	0.177919
2013-11-18	0	4.6371966	4.6371966	60.141521	8.727679	0.545174
2013-11-19	0.1	5.8599256	5.8599256	88.252528	8.679834	0.610907
2013-11-20	21.7	3.4306722	3.4306722	20.126794	8.632931	0.332216
2013-11-21	1.3	1.7325788	1.7325788	33.446272	8.587005	0.184136
2013-11-22	0.6	3.1183608	3.1183608	12.739028	8.542094	0.321788
2013-11-23	0	4.905179	4.905179	16.899403	8.498233	0.489542
2013-11-24	0.8	2.6887316	2.6887316	43.376034	8.455458	0.27924
2013-11-25	0	-0.265572	-0.265572	122.103408	8.413808	0
2013-11-26	0	-0.9437646	-0.9437646	109.537034	8.373318	0
2013-11-27	0	-1.022646	-1.022646	90.512905	8.334027	0
2013-11-28	0.1	4.0732412	4.0732412	28.741083	8.295969	0.396493
2013-11-29	2.9	4.5898544	4.5898544	44.146785	8.259183	0.412409
2013-11-30	1.5	3.7337428	3.7337428	20.481176	8.223705	0.338657
2013-12-01	0	4.804334	4.804334	51.62852	8.18957	0.460642
2013-12-02	0	2.1632124	2.1632124	61.432344	8.156814	0.238169
2013-12-03	0	-0.1491248	-0.1491248	95.894406	8.125472	0.018351
2013-12-04	0	0.8496828	0.8496828	53.242087	8.095579	0.132164
2013-12-05	5.1	2.8243972	2.8243972	53.280046	8.067166	0.241729
2013-12-06	0.3	1.7361948	1.7361948	93.582824	8.040268	0.116901
2013-12-07	0.3	1.651287	1.651287	60.760268	8.014913	0.119204
2013-12-08	0.1	5.324898	5.324898	54.192287	7.991134	0.496471
2013-12-09	3.2	7.5187794	7.5187794	6.829434	7.968957	0.697348
2013-12-10	0.2	7.5075294	7.5075294	10.494804	7.948411	0.67764
2013-12-11	0	5.401168	5.401168	39.389348	7.929521	0.535472
2013-12-12	0	2.4247664	2.4247664	60.325165	7.91231	0.364047
2013-12-13	0	1.5107332	1.5107332	89.944675	7.896801	0.180159
2013-12-14	0	2.1066966	2.1066966	60.1489	7.883014	0.182375
2013-12-15	0.2	3.2601196	3.2601196	22.074248	7.870967	0.336658
2013-12-16	0	4.3267598	4.3267598	99.128274	7.860677	0.527913
2013-12-17	0	2.8089288	2.8089288	84.681563	7.852156	0.452073
2013-12-18	0	1.9135106	1.9135106	57.928746	7.845417	0.29039
2013-12-19	0	5.8053514	5.8053514	38.01009	7.84047	0.540246
2013-12-20	0	4.3485228	4.3485228	35.663083	7.837322	0.441233
2013-12-21	0	3.8906354	3.8906354	71.054787	7.835977	0.342482
2013-12-22	0.4	8.642605	8.642605	29.490885	7.836438	0.866585
2013-12-23	1.4	7.329477	7.329477	77.524216	7.838706	0.716185
2013-12-24	0	9.1125454	9.1125454	50.694349	7.842777	0.946249
2013-12-25	4.3	8.1034926	8.1034926	44.959556	7.848648	0.859448
2013-12-26	3.8	5.2902786	5.2902786	22.668486	7.856311	0.505243
2013-12-27	0	6.103199	6.103199	94.55558	7.865757	0.515573
2013-12-28	1.6	8.3322352	8.3322352	47.104725	7.876974	0.789334
2013-12-29	1.8	5.5463416	5.5463416	75.786273	7.88995	0.503105
2013-12-30	0	1.8665702	1.8665702	95.179504	7.904667	0.187608
2013-12-31	0	1.3906032	1.3906032	96.69299	7.921108	0.11696
2014-01-01	0	1.6418452	1.6418452	77.091076	7.939253	0.148572
2014-01-02	0.3	5.2614178	5.2614178	37.909555	7.959079	0.455456
2014-01-03	0	6.207727	6.207727	81.836182	7.980565	0.560074
2014-01-04	1.7	5.5659616	5.5659616	64.256557	8.003683	0.589612
2014-01-05	0	5.2811046	5.2811046	30.943851	8.028407	0.414871
2014-01-06	1.4	5.0722496	5.0722496	66.132049	8.054709	0.44779
2014-01-07	1.2	8.724031	8.724031	98.862204	8.082558	0.782277
2014-01-08	0	8.6220476	8.6220476	94.011669	8.111925	0.818286
2014-01-09	1.1	8.2563004	8.2563004	75.654467	8.142776	0.880572
2014-01-10	0	5.177849	5.177849	94.745714	8.175078	0.500668
2014-01-11	0.2	3.8393424	3.8393424	101.825197	8.208798	0.360232
2014-01-12	0	2.6214346	2.6214346	89.992545	8.2439	0.179663
2014-01-13	0	0.2231178	0.2231178	50.954113	8.28035	0.113052
2014-01-14	0	2.167766	2.167766	33.220203	8.318111	0.234331
2014-01-15	0	3.0778488	3.0778488	72.486605	8.357147	0.267044
2014-01-16	6.5	3.997239	3.997239	48.304838	8.397421	0.404247
2014-01-17	0.1	5.4827946	5.4827946	91.911495	8.438897	0.49271
2014-01-18	0	2.0390648	2.0390648	87.40646	8.481537	0.271538
2014-01-19	0	2.5402764	2.5402764	34.323088	8.525304	0.308465
2014-01-20	1.5	-0.5968336	-0.5968336	19.458864	8.570163	0.007074
2014-01-21	0.1	-1.4153122	-1.4153122	23.823491	8.616074	0
2014-01-22	2.3	-2.5114156	-2.5114156	58.995323	8.663004	0
2014-01-23	1.3	-3.3927048	-3.3927048	59.462194	8.710914	0
2014-01-24	1.5	-3.7245024	-3.7245024	58.729678	8.75977	0
2014-01-25	0	-8.9727954	-8.9727954	137.002432	8.809537	0
2014-01-26	0.4	-9.3620466	-9.3620466	104.931001	8.860179	0
2014-01-27	0.6	0.2383854	0.2383854	117.510006	8.911662	0.015203
2014-01-28	0	-0.912828	-0.912828	133.725098	8.963952	0
2014-01-29	0.1	-4.3016492	-4.3016492	77.017819	9.017018	0
2014-01-30	0	-2.2301078	-2.2301078	137.524709	9.070826	0
2014-01-31	0	-2.3653044	-2.3653044	130.149471	9.125345	0
2014-02-01	0	0.9114888	0.9114888	141.941042	9.180544	0.147134
2014-02-02	1.9	2.695227	2.695227	91.572077	9.236393	0.159217
2014-02-03	0	0.2632952	0.2632952	125.558068	9.292864	0.009818
2014-02-04	0.1	1.128714	1.128714	140.121873	9.349927	0.085182
2014-02-05	0	1.1695612	1.1695612	176.102849	9.407555	0.098254
2014-02-06	0	5.202692	5.202692	155.665363	9.465722	0.455392
2014-02-07	0	8.3000936	8.3000936	129.081295	9.524401	0.877012
2014-02-08	0.1	5.882425	5.882425	120.174466	9.583567	0.595416
2014-02-09	0	5.5260522	5.5260522	159.953456	9.643196	0.527779
2014-02-10	0	3.4628142	3.4628142	189.517247	9.703265	0.345642
2014-02-11	0	4.5950772	4.5950772	138.861513	9.763751	0.436938
2014-02-12	0	3.7915982	3.7915982	209.837736	9.824633	0.335432
2014-02-13	4.5	5.5906704	5.5906704	131.301763	9.885888	0.544811
2014-02-14	0	5.2290082	5.2290082	218.481585	9.947498	0.490142
2014-02-15	0	8.7424458	8.7424458	111.850099	10.009442	1.041578
2014-02-16	1	6.6541636	6.6541636	185.868547	10.071703	0.734168
2014-02-17	0	4.9598204	4.9598204	221.909359	10.134261	0.500662
2014-02-18	0	3.2638024	3.2638024	193.889773	10.1971	0.478313
2014-02-19	0	6.446715	6.446715	194.352618	10.260203	0.631393
2014-02-20	0	6.6844304	6.6844304	243.402091	10.323554	0.626318
2014-02-21	1.7	6.6576458	6.6576458	160.432936	10.387139	0.818775
2014-02-22	0	5.1389438	5.1389438	247.272749	10.450943	0.48066
2014-02-23	0	4.8404936	4.8404936	247.458849	10.514951	0.427372
2014-02-24	0	4.5735822	4.5735822	287.716379	10.579151	0.503536
2014-02-25	0	6.2864074	6.2864074	282.963468	10.643529	0.730259
2014-02-26	0	7.5441576	7.5441576	222.561101	10.708074	0.853856
2014-02-27	0	7.2663318	7.2663318	205.176803	10.772775	0.650381
2014-02-28	0	4.2812258	4.2812258	174.716664	10.837618	0.43413
2014-03-01	0	4.0903836	4.0903836	284.456904	10.902596	0.47542
2014-03-02	0	4.0353406	4.0353406	196.9932	10.967696	0.534246
2014-03-03	0	4.7540454	4.7540454	290.874428	11.032909	0.703986
2014-03-04	0	5.290948	5.290948	187.651735	11.098226	0.643489
2014-03-05	0	6.0741376	6.0741376	253.476594	11.163638	0.602557
2014-03-06	0	3.5434366	3.5434366	151.587095	11.229136	0.579096
2014-03-07	0	3.4618766	3.4618766	283.170297	11.294713	0.51609
2014-03-08	0	6.140564	6.140564	313.517032	11.360359	0.794407
2014-03-09	0	6.6093662	6.6093662	357.884624	11.426069	1.016255
2014-03-10	0	6.9598458	6.9598458	358.725294	11.491833	0.861237
2014-03-11	0	6.207794	6.207794	362.18801	11.557646	0.810339
2014-03-12	0	6.4593036	6.4593036	365.762322	11.623501	0.750986
2014-03-13	0	7.7832796	7.7832796	376.591056	11.68939	0.958551
2014-03-14	0	8.5394164	8.5394164	387.581374	11.755308	0.884307
2014-03-15	1.3	7.8849284	7.8849284	252.663665	11.821248	1.059545
2014-03-16	0.1	9.7019462	9.7019462	85.897893	11.887204	1.27822
2014-03-17	0	10.091666	10.091666	136.709279	11.953171	1.314148
2014-03-18	0	10.0832958	10.0832958	190.679983	12.019142	1.381864
2014-03-19	0.1	10.0930056	10.0930056	205.423966	12.085111	1.369546
2014-03-20	0	13.3369872	13.3369872	417.667688	12.151074	1.851815
2014-03-21	0	14.814909	14.814909	382.931472	12.217024	2.182485
2014-03-22	3.9	8.6699256	8.6699256	207.379688	12.282956	1.36166
2014-03-23	0	6.212682	6.212682	229.034325	12.348864	0.971513
2014-03-24	0.2	4.7234438	4.7234438	237.464028	12.414742	0.539181
2014-03-25	0.4	4.448229	4.448229	351.680978	12.480586	0.454005
2014-03-26	0	5.068031	5.068031	416.67122	12.546389	0.612289
2014-03-27	0	7.6778814	7.6778814	422.559039	12.612146	1.028726
2014-03-28	0	5.4270822	5.4270822	220.714393	12.67785	0.958361
2014-03-29	0	8.596401	8.596401	422.477921	12.743497	1.287868
2014-03-30	0	9.4810384	9.4810384	434.549354	12.809079	1.617353
2014-03-31	0	9.9991244	9.9991244	435.808725	12.874591	1.713779
2014-04-01	0	10.1684716	10.1684716	408.405614	12.940026	1.821903
2014-04-02	0	12.39416	12.39416	465.43141	13.005378	2.040005
2014-04-03	1.1	14.0463176	14.0463176	439.192068	13.07064	2.351514
2014-04-04	0	11.3901294	11.3901294	446.789876	13.135804	2.019185
2014-04-05	0	10.2048322	10.2048322	446.165084	13.200865	1.84518
2014-04-06	0	13.0957226	13.0957226	346.380914	13.265814	2.146646
2014-04-07	0	15.5266498	15.5266498	353.896579	13.330643	2.593714
2014-04-08	0.7	12.4333328	12.4333328	385.296883	13.395345	2.133172
2014-04-09	0.3	8.4255806	8.4255806	391.686651	13.459911	1.282583
2014-04-10	0.5	9.0866982	9.0866982	216.722366	13.524332	1.372045
2014-04-11	0.5	9.8216746	9.8216746	244.932402	13.588599	1.625721
2014-04-12	0.1	10.7252622	10.7252622	354.237267	13.652703	1.717656
2014-04-13	0	11.6718392	11.6718392	345.293115	13.716634	1.824584
2014-04-14	1.6	7.7285716	7.7285716	426.410808	13.780382	1.224063
2014-04-15	0.9	5.887179	5.887179	337.619881	13.843935	0.926751
2014-04-16	0	6.1451844	6.1451844	448.512269	13.907283	0.968621
2014-04-17	0	7.3601456	7.3601456	533.420815	13.970414	1.155897
2014-04-18	7.3	6.7836686	6.7836686	366.1719	14.033317	1.197144
2014-04-19	0	8.8977978	8.8977978	303.2631	14.095977	1.532898
2014-04-20	0	14.1839918	14.1839918	556.772547	14.158383	2.393642
2014-04-21	0	12.4378194	12.4378194	531.391517	14.22052	2.279428
2014-04-22	0	13.9918102	13.9918102	423.291581	14.282374	2.236911
2014-04-23	0	14.6420128	14.6420128	530.28025	14.34393	2.428976
2014-04-24	0	12.3527774	12.3527774	441.742254	14.405174	2.412064
2014-04-25	0	14.4425324	14.4425324	509.499501	14.466088	2.807418
2014-04-26	0	15.2862558	15.2862558	510.077464	14.526657	2.743529
2014-04-27	7.1	13.9879266	13.9879266	430.703951	14.586862	2.769744
2014-04-28	2.2	13.9464768	13.9464768	242.182427	14.646687	2.605271
2014-04-29	0	14.3118896	14.3118896	422.401036	14.706112	2.643585
2014-04-30	0	13.9978368	13.9978368	472.888767	14.765118	2.781273
2014-05-01	7.9	12.8330298	12.8330298	428.805893	14.823686	2.404501
2014-05-02	3.6	6.9017898	6.9017898	99.095594	14.881795	1.178998
2014-05-03	0	7.7124336	7.7124336	420.935469	14.939423	1.351911
2014-05-04	0	6.6119778	6.6119778	355.653816	14.996549	1.265252
2014-05-05	0	9.2910664	9.2910664	437.614873	15.05315	1.733797
2014-05-06	0.7	12.9511514	12.9511514	459.433541	15.109203	2.593903
2014-05-07	0	14.3627134	14.3627134	478.05323	15.164684	2.723453
2014-05-08	1.4	12.3591388	12.3591388	411.191495	15.219568	2.43734
2014-05-09	1.4	14.710314	14.710314	453.309861	15.273831	2.804007
2014-05-10	2.8	11.3693714	11.3693714	352.157425	15.327445	2.302826
2014-05-11	0.6	11.389259	11.389259	583.477547	15.380385	2.296392
2014-05-12	0.2	11.371447	11.371447	548.30088	15.432623	2.091525
2014-05-13	1.8	10.1365308	10.1365308	476.632442	15.484132	1.947868
2014-05-14	0.2	9.0785954	9.0785954	588.109743	15.534883	1.752081
2014-05-15	0	9.4593424	9.4593424	348.121816	15.584847	1.830884
2014-05-16	0	12.0339704	12.0339704	552.383969	15.633996	2.247766
2014-05-17	1	12.4876392	12.4876392	352.691543	15.682298	2.428857
2014-05-18	10.8	10.819612	10.819612	154.104765	15.729724	2.283261
2014-05-19	0	15.2964338	15.2964338	508.375456	15.776244	3.044032
2014-05-20	0	19.0001778	19.0001778	646.210262	15.821825	3.847466
2014-05-21	0	19.7881886	19.7881886	688.453599	15.866437	4.266596
2014-05-22	0	21.155757	21.155757	698.82017	15.910048	4.680511
2014-05-23	0	17.343936	17.343936	356.841753	15.952626	3.753506
2014-05-24	0	16.3344144	16.3344144	555.57373	15.994139	3.438452
2014-05-25	0	16.4790528	16.4790528	697.304842	16.034556	3.514972
2014-05-26	0	18.0746938	18.0746938	584.903635	16.073844	3.918009
2014-05-27	39	14.9340348	14.9340348	167.030945	16.111972	3.290804
2014-05-28	20.3	10.6250198	10.6250198	50.990112	16.148907	2.182244
2014-05-29	2.3	8.5398182	8.5398182	145.087139	16.184619	1.765022
2014-05-30	0	12.2894982	12.2894982	485.578652	16.219076	2.46283
2014-05-31	0	13.9792884	13.9792884	693.516919	16.252247	2.871555
2014-06-01	0	12.524803	12.524803	566.537106	16.284103	2.576233
2014-06-02	0	13.9165446	13.9165446	572.707583	16.314614	2.823961
2014-06-03	0	15.2805638	15.2805638	598.250929	16.343751	3.088306
2014-06-04	0.2	16.467669	16.467669	646.754217	16.371485	3.50982
2014-06-05	0.5	15.4024352	15.4024352	588.501262	16.397791	3.220994
2014-06-06	0	17.0777614	17.0777614	739.960149	16.42264	3.602493
2014-06-07	0	20.7470868	20.7470868	730.693592	16.446009	4.679912
2014-06-08	0	24.2215522	24.2215522	732.477562	16.467874	5.533001
2014-06-09	0	23.2021872	23.2021872	718.034546	16.48821	5.500968
2014-06-10	0.3	23.0797804	23.0797804	672.953901	16.506998	5.646214
2014-06-11	0	19.8670702	19.8670702	375.173194	16.524218	4.855339
2014-06-12	0	17.7687438	17.7687438	731.1738	16.53985	3.992861
2014-06-13	0	15.8228234	15.8228234	483.942974	16.553878	3.512066
2014-06-14	0	13.657937	13.657937	558.687982	16.566286	3.192649
2014-06-15	0	15.2833764	15.2833764	557.131934	16.577062	3.364781
2014-06-16	0	14.4772858	14.4772858	521.910491	16.586194	3.283912
2014-06-17	0	16.1446436	16.1446436	437.726928	16.593671	3.496076
2014-06-18	0	16.7944444	16.7944444	624.819742	16.599485	3.664186
2014-06-19	0	14.2072274	14.2072274	316.909293	16.603631	3.14818
2014-06-20	0.5	13.8294936	13.8294936	458.054813	16.606105	3.055797
2014-06-21	0	13.6844536	13.6844536	329.108787	16.606903	2.973317
2014-06-22	0.5	14.921446	14.921446	485.4767	16.606026	3.23869
2014-06-23	0	13.8983312	13.8983312	520.853158	16.603475	2.949356
2014-06-24	0.8	13.9289998	13.9289998	603.4295	16.599255	3.182953
2014-06-25	4.7	12.576364	12.576364	406.370842	16.593369	2.657553
2014-06-26	0	13.528231	13.528231	501.665003	16.585827	2.987126
2014-06-27	0.9	16.1625224	16.1625224	604.553694	16.576638	3.680495
2014-06-28	0.2	17.4921902	17.4921902	496.763861	16.565812	4.015514
2014-06-29	0.7	15.6240796	15.6240796	303.507529	16.553362	3.553756
2014-06-30	4.3	13.8940454	13.8940454	549.999832	16.539304	3.264393
2014-07-01	0	14.5960768	14.5960768	584.921593	16.523653	3.093446
2014-07-02	0	15.08028	15.08028	561.31266	16.506428	3.242286
2014-07-03	0	18.071346	18.071346	733.838187	16.487649	3.920629
2014-07-04	0	21.5973722	21.5973722	752.802879	16.467335	4.984025
2014-07-05	0	22.365763	22.365763	574.26766	16.44551	4.880249
2014-07-06	0	23.705475	23.705475	635.418939	16.422197	5.263355
2014-07-07	0.7	21.067032	21.067032	457.043861	16.397421	4.859514
2014-07-08	21.1	18.2435724	18.2435724	232.359992	16.371209	4.231561
2014-07-09	16.7	16.067369	16.067369	228.641151	16.343585	3.48347
2014-07-10	18.2	17.6717826	17.6717826	337.424613	16.31458	3.741069
2014-07-11	2.7	18.7336686	18.7336686	555.526249	16.284221	4.245178
2014-07-12	0	15.7112644	15.7112644	532.975136	16.252538	3.587967
2014-07-13	1.5	15.6299054	15.6299054	465.256022	16.21956	3.607603
2014-07-14	0.9	19.2291216	19.2291216	507.796257	16.185319	4.148429
2014-07-15	0	20.5176746	20.5176746	528.921751	16.149845	4.431011
2014-07-16	0	20.1509896	20.1509896	566.09809	16.11317	4.53452
2014-07-17	0	21.6623256	21.6623256	607.840972	16.075326	4.78084
2014-07-18	0	22.5521188	22.5521188	707.176013	16.036343	5.025939
2014-07-19	0	24.282421	24.282421	720.008619	15.996255	5.428216
2014-07-20	0	25.669542	25.669542	659.605488	15.955092	5.746716
2014-07-21	8.4	20.7862596	20.7862596	338.603604	15.912888	4.885749
2014-07-22	0	22.2217274	22.2217274	571.368153	15.869674	4.987074
2014-07-23	0	21.9206654	21.9206654	633.466219	15.825482	4.862077
2014-07-24	3.8	17.7430974	17.7430974	488.892092	15.780342	4.035669
2014-07-25	13.8	17.2286272	17.2286272	266.418603	15.734287	3.781348
2014-07-26	0	19.4383114	19.4383114	484.005909	15.687347	4.399629
2014-07-27	12.1	20.8434452	20.8434452	522.811965	15.639552	4.82168
2014-07-28	0.2	21.3261756	21.3261756	436.777918	15.590933	4.648235
2014-07-29	8.6	20.302257	20.302257	429.260881	15.541519	4.532919
2014-07-30	0.1	19.2141888	19.2141888	265.522208	15.49134	4.137046
2014-07-31	0	19.3642512	19.3642512	485.664845	15.440423	4.047275
2014-08-01	0	19.6892186	19.6892186	615.502557	15.388796	4.219829
2014-08-02	4.7	22.4838174	22.4838174	543.87025	15.336488	4.791111
2014-08-03	27.8	20.066885	20.066885	480.258693	15.283524	4.587173
2014-08-04	6.7	18.7121068	18.7121068	355.593018	15.229931	4.008443
2014-08-05	5.1	17.1036758	17.1036758	394.971368	15.175734	3.653451
2014-08-06	0	18.3233244	18.3233244	572.662138	15.120958	3.723571
2014-08-07	0	17.9910582	17.9910582	312.532693	15.065628	3.70153
2014-08-08	0	19.7352886	19.7352886	563.332665	15.009766	4.03713
2014-08-09	0	19.9744104	19.9744104	540.566644	14.953395	4.283891
2014-08-10	3.9	20.0061504	20.0061504	469.7059	14.896538	4.346929
2014-08-11	0.1	18.3902196	18.3902196	541.401844	14.839216	3.806088
2014-08-12	0	16.3117142	16.3117142	527.3095	14.78145	3.377375
2014-08-13	5.1	16.7057194	16.7057194	414.978133	14.723259	3.481286
2014-08-14	0.7	16.6759212	16.6759212	486.531488	14.664664	3.331574
2014-08-15	0.6	15.0296568	15.0296568	386.931959	14.605682	2.981944
2014-08-16	0.1	15.6122944	15.6122944	498.864395	14.546333	2.891876
2014-08-17	0	16.365217	16.365217	413.416339	14.486632	3.250824
2014-08-18	1.8	15.5947504	15.5947504	418.263327	14.426598	3.086
2014-08-19	0.4	14.409788	14.409788	461.72766	14.366246	2.796108
2014-08-20	0	13.1877954	13.1877954	381.565804	14.305591	2.409044
2014-08-21	0	13.0704778	13.0704778	504.239882	14.24465	2.398295
2014-08-22	0	15.1939148	15.1939148	412.614859	14.183436	2.66034
2014-08-23	0	14.3739634	14.3739634	433.095904	14.121962	2.645191
2014-08-24	0	13.0605674	13.0605674	482.17871	14.060243	2.319097
2014-08-25	3.6	13.2425706	13.2425706	411.545018	13.99829	2.366662
2014-08-26	8.2	12.8760868	12.8760868	150.865389	13.936117	2.344139
2014-08-27	0	13.9610746	13.9610746	431.803815	13.873735	2.54454
2014-08-28	0	15.8469968	15.8469968	466.754486	13.811154	2.775913
2014-08-29	0.4	18.2458492	18.2458492	270.115992	13.748386	3.251701
2014-08-30	0.4	17.7793238	17.7793238	393.228728	13.685442	3.22972
2014-08-31	6.6	15.3479278	15.3479278	282.822462	13.62233	2.773199
2014-09-01	0	14.3708162	14.3708162	233.44008	13.55906	2.639146
2014-09-02	5.5	14.1805764	14.1805764	153.684923	13.495642	2.542953
2014-09-03	0	14.9220486	14.9220486	207.898092	13.432084	2.716474
2014-09-04	0	16.103596	16.103596	251.667657	13.368395	2.998942
2014-09-05	0	18.3549976	18.3549976	463.963177	13.304581	3.390638
2014-09-06	2.5	19.2171354	19.2171354	450.690134	13.240652	3.62132
2014-09-07	18.4	18.3662472	18.3662472	365.933133	13.176614	3.267683
2014-09-08	0	17.3521052	17.3521052	254.468458	13.112475	3.036811
2014-09-09	0	15.0109072	15.0109072	316.210379	13.048241	2.622979
2014-09-10	1.6	14.5199408	14.5199408	235.119631	12.983919	2.45633
2014-09-11	2.8	13.6172908	13.6172908	261.560591	12.919515	2.208967
2014-09-12	0.6	14.5186684	14.5186684	64.925559	12.855035	2.446035
2014-09-13	0.7	15.3882392	15.3882392	85.810291	12.790485	2.597453
2014-09-14	0.3	15.1896294	15.1896294	132.389036	12.725872	2.694946
2014-09-15	0.1	16.8743304	16.8743304	192.067076	12.6612	2.834562
2014-09-16	0	18.0524622	18.0524622	380.934447	12.596475	2.948194
2014-09-17	0	17.4260984	17.4260984	409.838883	12.531703	2.988338
2014-09-18	0	16.965064	16.965064	370.410032	12.466889	2.873852
2014-09-19	2.2	17.0926938	17.0926938	334.194507	12.402037	2.917773
2014-09-20	0.4	17.9107706	17.9107706	280.126069	12.337153	2.956234
2014-09-21	2.9	15.0801462	15.0801462	138.174736	12.272242	2.41692
2014-09-22	3.3	11.1678152	11.1678152	268.905641	12.20731	1.761853
2014-09-23	0	11.2813826	11.2813826	243.528006	12.14236	1.751731
2014-09-24	0	10.2072428	10.2072428	270.790881	12.077399	1.797339
2014-09-25	0.2	13.029832	13.029832	246.470857	12.012431	1.970826
2014-09-26	0.4	13.6231164	13.6231164	69.123916	11.947462	2.175017
2014-09-27	1	14.1255334	14.1255334	179.54757	11.882496	2.209839
2014-09-28	0	12.9526914	12.9526914	358.376158	11.817539	2.066514
2014-09-29	0	17.3716584	17.3716584	346.19857	11.752596	2.685186
2014-09-30	0.2	17.063967	17.063967	242.085531	11.687673	2.618127
2014-10-01	0	15.3258974	15.3258974	266.871308	11.622776	2.310839
2014-10-02	0	15.2050976	15.2050976	242.424197	11.55791	2.230308
2014-10-03	0	13.3079926	13.3079926	294.677956	11.493081	2.002793
2014-10-04	0	11.7285562	11.7285562	327.323231	11.428296	1.756345
2014-10-05	0	10.952063	10.952063	264.329884	11.36356	1.728714
2014-10-06	0	12.7609118	12.7609118	160.142177	11.298882	1.96427
2014-10-07	0.8	12.6474782	12.6474782	137.008281	11.234267	2.151184
2014-10-08	1.5	14.2049506	14.2049506	156.613247	11.169724	2.292682
2014-10-09	0.1	18.2121002	18.2121002	198.766387	11.105258	2.776713
2014-10-10	0	14.8070744	14.8070744	192.351137	11.04088	2.177954
2014-10-11	3.9	13.7307246	13.7307246	95.366613	10.976596	2.034124
2014-10-12	0.2	13.9512982	13.9512982	232.193684	10.912415	1.933416
2014-10-13	0	14.6140226	14.6140226	198.856485	10.848347	2.236404
2014-10-14	0	14.45934	14.45934	189.270076	10.7844	2.013972
2014-10-15	0	13.1043606	13.1043606	261.07874	10.720586	1.827715
2014-10-16	2.2	12.521053	12.521053	115.859201	10.656913	1.741695
2014-10-17	0.1	13.0759018	13.0759018	200.006892	10.593393	1.815796
2014-10-18	0.1	12.5098038	12.5098038	230.762364	10.530038	1.755211
2014-10-19	0	15.7238532	15.7238532	252.856319	10.466859	2.246448
2014-10-20	2.2	13.7287828	13.7287828	191.448309	10.403868	1.974915
2014-10-21	5.7	11.9085508	11.9085508	164.933316	10.341079	1.553907
2014-10-22	8.6	8.580732	8.580732	55.791764	10.278505	0.998183
2014-10-23	0.3	9.7129952	9.7129952	59.166337	10.216161	1.240166
2014-10-24	0	8.9867904	8.9867904	144.532167	10.154061	1.213756
2014-10-25	0	8.9495596	8.9495596	131.882482	10.092221	1.182471
2014-10-26	0	11.5810384	11.5810384	90.580945	10.030657	1.431044
2014-10-27	0	9.5754548	9.5754548	208.147727	9.969386	1.246069
2014-10-28	0	6.0101218	6.0101218	215.206276	9.908426	0.825227
2014-10-29	0	5.5291994	5.5291994	194.901819	9.847794	0.674079
2014-10-30	0	9.2577864	9.2577864	29.041632	9.787511	0.973991
2014-10-31	0	11.73927	11.73927	111.248708	9.727596	1.412013
2014-11-01	0	12.0473632	12.0473632	193.063783	9.668069	1.540889
2014-11-02	0	11.4601048	11.4601048	180.578156	9.608953	1.442458
2014-11-03	0	13.5485876	13.5485876	171.069701	9.550269	1.617402
2014-11-04	0	10.7087896	10.7087896	99.714883	9.492041	1.385073
2014-11-05	4.1	9.080002	9.080002	88.120036	9.434292	1.040752
2014-11-06	0.2	8.5386126	8.5386126	85.832746	9.377047	0.910793
2014-11-07	0.1	5.2432708	5.2432708	165.075992	9.320333	0.743227
2014-11-08	0	7.7447092	7.7447092	124.608476	9.264174	0.832435
2014-11-09	0	3.629483	3.629483	135.078199	9.2086	0.649651
2014-11-10	0.7	6.0569282	6.0569282	106.414831	9.153636	0.712969
2014-11-11	0.1	5.0788122	5.0788122	85.184025	9.099313	0.737576
2014-11-12	0.2	6.9224142	6.9224142	81.141835	9.045661	0.903108
2014-11-13	0.1	8.5923164	8.5923164	44.591384	8.992709	0.970059
2014-11-14	0	9.5301882	9.5301882	128.077748	8.940489	1.095617
2014-11-15	0	8.9083776	8.9083776	76.280685	8.889032	1.116187
2014-11-16	1.7	7.9688318	7.9688318	30.251756	8.838372	0.889236
2014-11-17	0	6.0335584	6.0335584	118.120575	8.788542	0.666253
2014-11-18	2.1	6.9957378	6.9957378	24.691876	8.739576	0.745285
2014-11-19	0.7	4.5361506	4.5361506	16.549076	8.691508	0.434997
2014-11-20	0	4.7433984	4.7433984	20.112184	8.644374	0.467859
2014-11-21	0	5.0986998	5.0986998	37.488844	8.598209	0.497766
2014-11-22	0	4.2784132	4.2784132	112.101625	8.553048	0.363697
2014-11-23	0	4.930089	4.930089	124.847086	8.508929	0.599713
2014-11-24	0.2	5.8873802	5.8873802	40.372876	8.465888	0.659128
2014-11-25	0	3.746332	3.746332	60.352638	8.423962	0.269617
2014-11-26	0	2.4589174	2.4589174	91.120741	8.383187	0.256813
2014-11-27	0	0.997937	0.997937	103.351009	8.343601	0.150902
2014-11-28	0	1.2509202	1.2509202	91.361124	8.305241	0.14169
2014-11-29	0	0.9263546	0.9263546	87.356602	8.268142	0.073331
2014-11-30	0	0.2267338	0.2267338	93.526102	8.232343	0.050475
2014-12-01	0	-1.5167598	-1.5167598	55.386828	8.197878	0
2014-12-02	0	-1.8390486	-1.8390486	94.562431	8.164784	0
2014-12-03	0.9	-2.0661174	-2.0661174	30.260155	8.133095	0
2014-12-04	0	0.113233	0.113233	38.187504	8.102846	0.066697
2014-12-05	0	1.9504736	1.9504736	44.137183	8.07407	0.137405
2014-12-06	0	3.719815	3.719815	59.332779	8.0468	0.211555
2014-12-07	0	3.0874912	3.0874912	41.506121	8.021067	0.254024
2014-12-08	0.1	2.679089	2.679089	104.925372	7.996901	0.147297
2014-12-09	0	-0.8263798	-0.8263798	90.138997	7.974332	0
2014-12-10	0	2.1176114	2.1176114	28.881977	7.953386	0.121343
2014-12-11	1.6	3.803049	3.803049	53.726437	7.93409	0.287067
2014-12-12	0.1	7.3087858	7.3087858	44.660588	7.916468	0.598323
2014-12-13	0.8	5.2329588	5.2329588	19.957297	7.900542	0.456009
2014-12-14	2.6	2.8794398	2.8794398	34.894163	7.886334	0.233813
2014-12-15	0.1	4.0720358	4.0720358	74.662776	7.873861	0.361852
2014-12-16	0.4	4.8874342	4.8874342	46.503549	7.86314	0.359311
2014-12-17	1.7	2.8339726	2.8339726	35.782546	7.854186	0.258166
2014-12-18	0	9.2121852	9.2121852	16.296226	7.847012	0.820006
2014-12-19	2.7	10.3610548	10.3610548	12.203804	7.841627	0.900551
2014-12-20	4.4	5.0103766	5.0103766	43.434454	7.838038	0.408688
2014-12-21	0	5.4850044	5.4850044	68.69352	7.836253	0.430032
2014-12-22	0	8.4291296	8.4291296	23.753216	7.836273	0.76959
2014-12-23	0	10.1319104	10.1319104	29.408074	7.838099	0.930195
2014-12-24	1.9	8.14588	8.14588	19.018657	7.84173	0.682548
2014-12-25	0.6	4.0881068	4.0881068	64.157318	7.847161	0.314778
2014-12-26	0.2	-0.2790984	-0.2790984	65.206716	7.854387	0
2014-12-27	0	-3.1270656	-3.1270656	52.663575	7.863398	0
2014-12-28	0	-4.8226816	-4.8226816	93.970146	7.874184	0
2014-12-29	1.7	-2.465279	-2.465279	45.502186	7.886731	0
2014-12-30	2.6	-0.403648	-0.403648	23.630369	7.901023	0
2014-12-31	0.7	2.3883392	2.3883392	18.891136	7.917044	0.151487
2015-01-01	0.02	3.9270008	3.9270008	73.329187	7.934774	0.240615
2015-01-02	0.02	4.2085568	4.2085568	16.720021	7.954191	0.353125
2015-01-03	0.04	3.492115	3.492115	37.520205	7.975273	0.187304
2015-01-04	0.04	3.1915088	3.1915088	81.347255	7.997994	0.197661
2015-01-05	0.06	2.6868886	2.6868886	68.454219	8.022327	0.141901
2015-01-06	0.08	1.6450886	1.6450886	96.736775	8.048245	0.053356
2015-01-07	0.1	1.2495356	1.2495356	44.201456	8.075718	0.166752
2015-01-08	2.2	3.0470552	3.0470552	9.492697	8.104716	0.343824
2015-01-09	0.22	5.2021876	5.2021876	45.342016	8.135206	0.615418
2015-01-10	1.16	6.1345038	6.1345038	41.126128	8.167156	0.966102
2015-01-11	0.28	1.8040962	1.8040962	82.637119	8.200531	0.254
2015-01-12	0.08	4.6352918	4.6352918	26.018054	8.235298	0.465656
2015-01-13	0.06	7.718959	7.718959	99.604671	8.271421	0.918785
2015-01-14	0.76	4.2651794	4.2651794	96.08112	8.308863	0.521413
2015-01-15	0.02	4.5676954	4.5676954	66.466933	8.34759	0.48196
2015-01-16	1.66	5.4513482	5.4513482	63.575197	8.387564	0.638327
2015-01-17	0.44	2.263876	2.263876	68.462375	8.428748	0.220092
2015-01-18	0.02	0.6309032	0.6309032	115.981954	8.471106	0
2015-01-19	0.02	-0.577319	-0.577319	70.574086	8.5146	0
2015-01-20	0.14	0.632292	0.632292	50.688028	8.559193	0.036639
2015-01-21	0	0.9564446	0.9564446	81.379902	8.60485	0
2015-01-22	0.06	0.3338892	0.3338892	28.159685	8.651532	0
2015-01-23	0.02	-0.0471668	-0.0471668	37.336909	8.699205	0
2015-01-24	0.1	1.060236	1.060236	117.79933	8.747832	0
2015-01-25	0.08	1.378722	1.378722	80.699104	8.797378	0.05667
2015-01-26	1.22	2.295166	2.295166	73.127171	8.847807	0.124255
2015-01-27	0	2.9800688	2.9800688	99.736138	8.899087	0.224575
2015-01-28	0.16	3.1453468	3.1453468	97.527616	8.951182	0.271755
2015-01-29	0	2.4622492	2.4622492	132.476527	9.00406	0.105577
2015-01-30	0.14	1.8859434	1.8859434	83.581389	9.057688	0.071479
2015-01-31	0	0.7463462	0.7463462	87.54363	9.112034	0.021812
2015-02-01	0	0.7276786	0.7276786	121.825101	9.167069	0
2015-02-02	0	1.8784958	1.8784958	142.30087	9.222761	0.029604
2015-02-03	0	1.155929	1.155929	125.688687	9.279081	0.017428
2015-02-04	0	-0.6791748	-0.6791748	102.049916	9.336001	0
2015-02-05	0	-0.335724	-0.335724	98.747142	9.393492	0
2015-02-06	0	-1.2532798	-1.2532798	118.619168	9.451528	0
2015-02-07	0	0.4938314	0.4938314	162.890251	9.510083	0
2015-02-08	0.02	2.0941922	2.0941922	180.258833	9.569131	0.038266
2015-02-09	0	3.7848034	3.7848034	57.526102	9.628648	0.307804
2015-02-10	0	4.7018308	4.7018308	65.546606	9.688611	0.400066
2015-02-11	0	3.7085668	3.7085668	104.134197	9.748996	0.180695
2015-02-12	0	0.657318	0.657318	211.855849	9.809782	0.000407
2015-02-13	0	2.392247	2.392247	218.984635	9.870947	0.062926
2015-02-14	0	2.237775	2.237775	230.069276	9.93247	0.063609
2015-02-15	0	1.3318024	1.3318024	150.678091	9.994334	0.048806
2015-02-16	0	2.8213716	2.8213716	238.555096	10.056517	0.262426
2015-02-17	0	0.8102742	0.8102742	215.078604	10.119003	0.098229
2015-02-18	0	3.015052	3.015052	154.682321	10.181774	0.234506
2015-02-19	0	2.363413	2.363413	249.415548	10.244813	0.150097
2015-02-20	0	4.3809824	4.3809824	233.878235	10.308104	0.402383
2015-02-21	0	4.6525516	4.6525516	189.029059	10.371633	0.52363
2015-02-22	0	1.713496	1.713496	168.456903	10.435383	0.154141
2015-02-23	0.16	2.3981486	2.3981486	52.65463	10.499342	0.154617
2015-02-24	0	3.688593	3.688593	208.624268	10.563495	0.447762
2015-02-25	0	3.5372872	3.5372872	256.40521	10.62783	0.253182
2015-02-26	0	3.2362732	3.2362732	295.557381	10.692335	0.190985
2015-02-27	0.26	4.1333424	4.1333424	296.153363	10.756997	0.336391
2015-02-28	0	4.3367454	4.3367454	201.368775	10.821806	0.227813
2015-03-01	0	4.8485646	4.8485646	104.994996	10.886751	0.457247
2015-03-02	2.2	6.0155088	6.0155088	308.175914	10.951821	0.602837
2015-03-03	0.62	5.5732358	5.5732358	280.533034	11.017006	0.495138
2015-03-04	0	4.3359388	4.3359388	262.292513	11.082298	0.356986
2015-03-05	0.38	4.6287582	4.6287582	196.262676	11.147687	0.327567
2015-03-06	0	5.2522026	5.2522026	211.058945	11.213164	0.465472
2015-03-07	0	7.1062718	7.1062718	304.694405	11.278722	0.655187
2015-03-08	0	9.2857578	9.2857578	320.784098	11.344351	1.105078
2015-03-09	0	6.5751606	6.5751606	202.438836	11.410045	1.001584
2015-03-10	1.44	5.7826466	5.7826466	182.812332	11.475796	0.747759
2015-03-11	0	2.1325742	2.1325742	168.841468	11.541598	0.488602
2015-03-12	0	4.116031	4.116031	181.875456	11.607442	0.38927
2015-03-13	0	3.8942294	3.8942294	139.415014	11.673323	0.314954
2015-03-14	2.14	4.0143404	4.0143404	119.447868	11.739233	0.378958
2015-03-15	0.26	5.4811488	5.4811488	145.244608	11.805168	0.618904
2015-03-16	0.02	8.0145296	8.0145296	321.978458	11.87112	1.094225
2015-03-17	0	8.26509	8.26509	364.410879	11.937084	1.289469
2015-03-18	0	8.5169928	8.5169928	407.43767	12.003054	1.076648
2015-03-19	0	6.9329372	6.9329372	416.767719	12.069024	0.701332
2015-03-20	0	5.7991314	5.7991314	428.897325	12.134988	0.58379
2015-03-21	0.5	3.7852838	3.7852838	251.447764	12.200941	0.281791
2015-03-22	0	2.9165616	2.9165616	315.301553	12.266877	0.137563
2015-03-23	0	4.0743392	4.0743392	432.418188	12.332791	0.370621
2015-03-24	0	5.1244086	5.1244086	271.541316	12.398677	0.687552
2015-03-25	0	8.9541028	8.9541028	435.414665	12.464529	1.051417
2015-03-26	0	7.470464	7.470464	155.962616	12.530342	0.982591
2015-03-27	0.12	7.7770332	7.7770332	381.590396	12.59611	0.935907
2015-03-28	0.08	8.6490192	8.6490192	269.478348	12.661827	0.962577
2015-03-29	1.42	9.4912134	9.4912134	121.453239	12.727487	1.365489
2015-03-30	0	7.0309076	7.0309076	411.445695	12.793085	0.88528
2015-03-31	3.88	6.8779632	6.8779632	341.147653	12.858614	0.938026
2015-04-01	0.3	5.1209662	5.1209662	361.543986	12.924068	0.491359
2015-04-02	4.1	3.8126992	3.8126992	306.349657	12.98944	0.352941
2015-04-03	0	4.8167268	4.8167268	318.979515	13.054724	0.530179
2015-04-04	0	5.530421	5.530421	440.523598	13.119913	0.372421
2015-04-05	0	5.749782	5.749782	486.573596	13.184999	0.496408
2015-04-06	0.02	5.9929764	5.9929764	456.420164	13.249975	0.556682
2015-04-07	0	8.0219624	8.0219624	499.644042	13.314834	0.801652
2015-04-08	0	9.1719064	9.1719064	192.389323	13.379567	1.13562
2015-04-09	0	11.187434	11.187434	428.902781	13.444166	1.63087
2015-04-10	0	12.7648366	12.7648366	465.298103	13.508622	1.89877
2015-04-11	0	12.9357812	12.9357812	459.280219	13.572927	2.192037
2015-04-12	0	11.1925588	11.1925588	546.394146	13.637072	1.661284
2015-04-13	0	9.6229616	9.6229616	431.59538	13.701045	1.510421
2015-04-14	0.08	10.7010152	10.7010152	451.809815	13.764838	1.568681
2015-04-15	0	15.4931002	15.4931002	564.675219	13.828439	2.600609
2015-04-16	0	10.3396694	10.3396694	441.797735	13.891838	1.863729
2015-04-17	0	7.900197	7.900197	419.103105	13.955022	1.165205
2015-04-18	0	7.5767662	7.5767662	405.39499	14.017981	0.970515
2015-04-19	0	9.7055022	9.7055022	571.082247	14.0807	1.198577
2015-04-20	0	11.55303	11.55303	606.651768	14.143169	1.677699
2015-04-21	0	12.8503602	12.8503602	616.322425	14.205372	1.981044
2015-04-22	0	7.5990854	7.5990854	288.530414	14.267296	1.134571
2015-04-23	0	10.3679462	10.3679462	582.170878	14.328925	1.454041
2015-04-24	0	13.2271822	13.2271822	612.608951	14.390246	2.168495
2015-04-25	0	14.4133766	14.4133766	399.781765	14.451241	2.559731
2015-04-26	0.2	13.7097374	13.7097374	483.629624	14.511895	2.547451
2015-04-27	0.92	11.0302676	11.0302676	316.88534	14.57219	1.920406
2015-04-28	0	9.1701314	9.1701314	302.057893	14.632108	1.252037
2015-04-29	0	6.9229268	6.9229268	630.904897	14.691632	1.448052
2015-04-30	4.4	12.978584	12.978584	557.762247	14.750741	1.969345
2015-05-01	0.32	12.2280024	12.2280024	499.826596	14.809417	1.640455
2015-05-02	0	13.0025158	13.0025158	467.668933	14.867639	1.586183
2015-05-03	0	13.0211684	13.0211684	339.315472	14.925385	2.285798
2015-05-04	0	16.7189422	16.7189422	470.043689	14.982635	3.202863
2015-05-05	0.1	17.7459644	17.7459644	307.664398	15.039365	3.688869
2015-05-06	0	15.2437638	15.2437638	503.73848	15.095553	2.864294
2015-05-07	0	12.7795902	12.7795902	606.242661	15.151175	2.42215
2015-05-08	0	14.3629306	14.3629306	520.338863	15.206206	2.678733
2015-05-09	0.3	15.2893818	15.2893818	459.023849	15.260621	2.946634
2015-05-10	0	13.4022916	13.4022916	614.92744	15.314395	2.442841
2015-05-11	0	14.7922918	14.7922918	546.282757	15.367501	2.799393
2015-05-12	8.36	17.1027084	17.1027084	517.051532	15.419911	3.790297
2015-05-13	0	14.4520904	14.4520904	587.59107	15.471599	2.674208
2015-05-14	0	12.1733334	12.1733334	629.036097	15.522537	2.202049
2015-05-15	0	12.6136456	12.6136456	688.89843	15.572695	2.210392
2015-05-16	0	12.9947918	12.9947918	442.741299	15.622044	2.201456
2015-05-17	0	12.3053126	12.3053126	489.984593	15.670554	2.230599
2015-05-18	0	15.1658334	15.1658334	568.762377	15.718195	2.90456
2015-05-19	0	14.696146	14.696146	521.024605	15.764938	2.880536
2015-05-20	0	12.1033472	12.1033472	382.876592	15.810749	2.293093
2015-05-21	0	11.65125	11.65125	651.376279	15.855599	2.220743
2015-05-22	0	13.3320834	13.3320834	485.320798	15.899456	2.572571
2015-05-23	0	15.9325	15.9325	425.359887	15.942288	3.021557
2015-05-24	0	15.484375	15.484375	531.201385	15.984062	3.021383
2015-05-25	0	15.2629168	15.2629168	518.860438	16.024748	3.122168
2015-05-26	0.02	11.176875	11.176875	472.615485	16.064313	2.385526
2015-05-27	0	10.5868752	10.5868752	366.204817	16.102725	2.169705
2015-05-28	0	13.215	13.215	558.499247	16.139953	2.82976
2015-05-29	0	15.1397916	15.1397916	497.366151	16.175965	3.086873
2015-05-30	1.3	11.4897916	11.4897916	625.230546	16.210729	2.642813
2015-05-31	0	15.1712502	15.1712502	662.132482	16.244216	3.123658
2015-06-01	3.64	13.0866664	13.0866664	100.67981	16.276394	2.70181
2015-06-02	0.08	17.895111	17.895111	634.201518	16.307234	3.815847
2015-06-03	0	19.17	19.17	500.557601	16.336707	3.999139
2015-06-04	0.12	16.4731248	16.4731248	640.815401	16.364785	3.349978
2015-06-05	0	21.0610418	21.0610418	745.321247	16.39144	4.622035
2015-06-06	1.98	21.9835416	21.9835416	588.82078	16.416646	5.231277
2015-06-07	0	16.2241666	16.2241666	505.445188	16.440377	3.934914
2015-06-08	0	14.5854168	14.5854168	382.329224	16.462609	3.257336
2015-06-09	0	14.555	14.555	420.472702	16.483319	3.06239
2015-06-10	0	16.976875	16.976875	499.297155	16.502485	3.503943
2015-06-11	0	18.0287502	18.0287502	563.385588	16.520088	3.841431
2015-06-12	0	20.8222918	20.8222918	599.837874	16.536107	4.334598
2015-06-13	5.48	19.8470834	19.8470834	492.880186	16.550527	4.625127
2015-06-14	0	18.9014582	18.9014582	678.805819	16.56333	4.19359
2015-06-15	0	15.3239582	15.3239582	449.213262	16.574505	3.124981
2015-06-16	0	12.8479166	12.8479166	464.566669	16.584037	2.633121
2015-06-17	0	15.6754168	15.6754168	677.705473	16.591917	3.079202
2015-06-18	2.64	15.7024998	15.7024998	341.385932	16.598137	3.376134
2015-06-19	0.44	12.4389584	12.4389584	530.465087	16.602689	2.823932
2015-06-20	1.92	12.238125	12.238125	528.154613	16.60557	2.734383
2015-06-21	0.28	14.6499802	14.6499802	426.323998	16.606776	3.004763
2015-06-22	0.7	14.3595832	14.3595832	296.451387	16.606306	2.913798
2015-06-23	6.78	12.2665074	12.2665074	556.95954	16.604163	2.687679
2015-06-24	0	13.3748978	13.3748978	277.663536	16.600348	2.888683
2015-06-25	0	16.6914584	16.6914584	475.647058	16.594867	3.602327
2015-06-26	0	18.925	18.925	508.114777	16.587728	4.184991
2015-06-27	1.82	17.8397918	17.8397918	349.80171	16.578938	4.086514
2015-06-28	0	17.3139584	17.3139584	616.253206	16.56851	3.732411
2015-06-29	0	20.9166668	20.9166668	524.535992	16.556454	4.404521
2015-06-30	0	20.6195832	20.6195832	628.402554	16.542786	4.450291
2015-07-01	0	21.7721988	21.7721988	752.557709	16.527522	4.741122
2015-07-02	0	24.5154168	24.5154168	746.099562	16.510679	5.44216
2015-07-03	0	26.4422916	26.4422916	621.529932	16.492276	6.006468
2015-07-04	0	29.2360416	29.2360416	696.358228	16.472335	6.933353
2015-07-05	3.9	29.967449	29.967449	708.41628	16.450876	7.009695
2015-07-06	0.56	20.0085416	20.0085416	705.255077	16.427924	5.102595
2015-07-07	3.96	25.6955766	25.6955766	689.5434	16.403502	5.419712
2015-07-08	0.14	19.0422918	19.0422918	560.331306	16.377637	4.291732
2015-07-09	2.72	15.2129168	15.2129168	520.076603	16.350355	3.369652
2015-07-10	0	14.1222916	14.1222916	523.943566	16.321685	3.047921
2015-07-11	0	17.9595834	17.9595834	628.97384	16.291653	3.866099
2015-07-12	2.52	17.7147916	17.7147916	468.96819	16.26029	4.018057
2015-07-13	0.24	17.4454168	17.4454168	254.207843	16.227626	3.571499
2015-07-14	1.02	19.7185416	19.7185416	304.441994	16.19369	4.000918
2015-07-15	0.78	20.4152082	20.4152082	430.647269	16.158514	4.188244
2015-07-16	0.02	22.3047918	22.3047918	546.912042	16.12213	4.751327
2015-07-17	0	24.3683334	24.3683334	470.404083	16.084568	5.464668
2015-07-18	0	23.0342718	23.0342718	548.230244	16.04586	5.217487
2015-07-19	6.22	19.6566666	19.6566666	405.087995	16.006039	4.575424
2015-07-20	0.86	21.21375	21.21375	434.622506	15.965136	4.422169
2015-07-21	1.3	24.4075	24.4075	552.441978	15.923184	5.12809
2015-07-22	15.26	25.029375	25.029375	548.316819	15.880214	5.421683
2015-07-23	0.08	20.5741668	20.5741668	442.011824	15.836258	4.438821
2015-07-24	0	22.1070834	22.1070834	445.405689	15.791347	4.593702
2015-07-25	0.22	20.752917	20.752917	572.572634	15.745513	4.45124
2015-07-26	0	17.1416664	17.1416664	487.016414	15.698787	3.370497
2015-07-27	1.58	16.89	16.89	378.228851	15.651198	3.564804
2015-07-28	0.84	17.5703532	17.5703532	450.581995	15.602779	3.59113
2015-07-29	0.02	16.5116666	16.5116666	539.863639	15.553557	3.324947
2015-07-30	0	15.60625	15.60625	509.828433	15.503562	3.202933
2015-07-31	0	15.0935416	15.0935416	485.577839	15.452823	2.967627
2015-08-01	0	19.0525	19.0525	626.264802	15.401368	3.773532
2015-08-02	0	21.2816666	21.2816666	681.917227	15.349224	4.385986
2015-08-03	0	23.2222916	23.2222916	623.553119	15.296419	4.917778
2015-08-04	0	24.4045834	24.4045834	584.763115	15.242978	5.374152
2015-08-05	0	20.810625	20.810625	507.482896	15.188927	4.288477
2015-08-06	0	25.1349998	25.1349998	647.32125	15.134291	5.328976
2015-08-07	0	26.2758336	26.2758336	529.635618	15.079095	6.218469
2015-08-08	0	24.988958	24.988958	590.777679	15.023362	5.280791
2015-08-09	0	23.4539584	23.4539584	425.794408	14.967114	4.790217
2015-08-10	0	26.0072916	26.0072916	559.671516	14.910375	5.354858
2015-08-11	0	24.6910416	24.6910416	606.078822	14.853166	5.197009
2015-08-12	0	23.5481248	23.5481248	508.614863	14.795507	4.931791
2015-08-13	0	24.9356252	24.9356252	513.18274	14.737419	5.153999
2015-08-14	3.66	25.3558336	25.3558336	507.812854	14.678922	5.645558
2015-08-15	0.04	22.6849144	22.6849144	502.220978	14.620034	4.914088
2015-08-16	4.06	20.345	20.345	299.328061	14.560774	4.247738
2015-08-17	38.16	17.81625	17.81625	167.8245	14.501158	3.509594
2015-08-18	17.64	15.290625	15.290625	53.063756	14.441205	2.865194
2015-08-19	1.32	15.9975	15.9975	108.141528	14.38093	2.86639
2015-08-20	0.02	16.3216666	16.3216666	302.564785	14.32035	3.131451
2015-08-21	1.3	17.8956252	17.8956252	505.254046	14.259478	3.395625
2015-08-22	0.14	18.205625	18.205625	549.101296	14.19833	3.541149
2015-08-23	1.08	18.8352082	18.8352082	533.005249	14.13692	3.472931
2015-08-24	11.36	20.8729168	20.8729168	459.466569	14.075261	3.881404
2015-08-25	0.2	16.974375	16.974375	342.350342	14.013365	3.240049
2015-08-26	0	20.3841558	20.3841558	516.855416	13.951246	3.750783
2015-08-27	0	21.5864584	21.5864584	412.099538	13.888915	4.212435
2015-08-28	5.64	16.7833334	16.7833334	122.25264	13.826383	3.160591
2015-08-29	0	18.6670834	18.6670834	415.78708	13.763661	3.591971
2015-08-30	0	23.3239584	23.3239584	506.301436	13.70076	4.435795
2015-08-31	0	25.5995832	25.5995832	482.949501	13.637689	4.737273
2015-09-01	0.82	20.674375	20.674375	391.174845	13.574459	3.971854
2015-09-02	0	15.8829166	15.8829166	418.362107	13.511077	2.817414
2015-09-03	1.08	13.8452084	13.8452084	316.054817	13.447554	2.64585
2015-09-04	0.02	12.998125	12.998125	401.602377	13.383897	2.432404
2015-09-05	0.1	15.0789584	15.0789584	349.520699	13.320115	2.333861
2015-09-06	0.66	13.7689584	13.7689584	235.448891	13.256214	2.097574
2015-09-07	0.68	13.8764584	13.8764584	271.170649	13.192204	2.163138
2015-09-08	0	14.9139584	14.9139584	341.422491	13.12809	2.285576
2015-09-09	0	14.488125	14.488125	348.687563	13.06388	2.313145
2015-09-10	0	13.6760418	13.6760418	280.862627	12.99958	2.047471
2015-09-11	0.02	14.37	14.37	267.333907	12.935196	2.127689
2015-09-12	0	16.8973958	16.8973958	433.677626	12.870736	2.600555
2015-09-13	0.4	19.74625	19.74625	325.300104	12.806204	3.234454
2015-09-14	3.72	16.2394794	16.2394794	202.23115	12.741607	2.875121
2015-09-15	0	15.0529168	15.0529168	280.746326	12.67695	2.571895
2015-09-16	1.48	15.3019792	15.3019792	238.365416	12.612239	2.799037
2015-09-17	1.4	16.7280792	16.7280792	189.215855	12.547479	2.825475
2015-09-18	0.02	14.070625	14.070625	311.551427	12.482676	2.426078
2015-09-19	0.08	12.6497916	12.6497916	312.256674	12.417834	2.255769
2015-09-20	4.32	11.9663902	11.9663902	289.553318	12.352959	2.008917
2015-09-21	0.02	12.4165304	12.4165304	203.990479	12.288056	2.07101
2015-09-22	1.06	12.6204206	12.6204206	279.525464	12.22313	2.303006
2015-09-23	0	11.8074358	11.8074358	182.406534	12.158185	1.913103
2015-09-24	0	11.5317426	11.5317426	264.247016	12.093228	2.049982
2015-09-25	0	12.2985496	12.2985496	200.552901	12.028262	2.052954
2015-09-26	0	11.8259816	11.8259816	259.417227	11.963294	1.881241
2015-09-27	0	9.9904968	9.9904968	251.408886	11.898328	1.658758
2015-09-28	0	10.1658452	10.1658452	272.579607	11.83337	1.818116
2015-09-29	0	10.2547354	10.2547354	227.887574	11.768424	1.634485
2015-09-30	0	9.9486258	9.9486258	289.164211	11.703497	1.612301
2015-10-01	0	8.0204326	8.0204326	367.682677	11.638594	1.376368
2015-10-02	0	9.1318228	9.1318228	365.282698	11.573722	1.442312
2015-10-03	0	11.4377964	11.4377964	335.609445	11.508884	1.698019
2015-10-04	0	12.494395	12.494395	306.312856	11.444089	2.054183
2015-10-05	0	12.8650966	12.8650966	268.389759	11.379343	2.018075
2015-10-06	0.5	12.8267586	12.8267586	105.488758	11.314651	2.004374
2015-10-07	6.7	13.9035656	13.9035656	93.257389	11.250022	2.130615
2015-10-08	1.9	12.8897476	12.8897476	70.534264	11.185461	1.851666
2015-10-09	0.64	9.4109294	9.4109294	135.113649	11.120977	1.432877
2015-10-10	0.02	6.368778	6.368778	308.593828	11.056578	0.890842
2015-10-11	0	4.4312516	4.4312516	317.540812	10.992272	0.547472
2015-10-12	0.04	3.826725	3.826725	310.944292	10.928066	0.381938
2015-10-13	0.02	3.6509484	3.6509484	122.606413	10.863971	0.350544
2015-10-14	8.18	3.247047	3.247047	66.503405	10.799995	0.288272
2015-10-15	9.16	6.2326902	6.2326902	18.44272	10.736149	0.648172
2015-10-16	2.78	7.0275	7.0275	23.436935	10.672442	0.767965
2015-10-17	1.78	7.0898958	7.0898958	57.356333	10.608885	0.895938
2015-10-18	0	6.740208	6.740208	125.547098	10.54549	0.905764
2015-10-19	1.44	6.4221876	6.4221876	77.661079	10.482268	0.712415
2015-10-20	0.5	7.9920836	7.9920836	25.968411	10.419232	0.970135
2015-10-21	0	8.0334374	8.0334374	118.408331	10.356393	1.006408
2015-10-22	0.08	8.619375	8.619375	66.881806	10.293767	1.068438
2015-10-23	0.02	9.170625	9.170625	213.791982	10.231367	1.246877
2015-10-24	0	7.223875	7.223875	203.687754	10.169207	0.91719
2015-10-25	0.06	9.2313542	9.2313542	121.126337	10.107304	1.198925
2015-10-26	0	7.5272918	7.5272918	82.374133	10.045672	0.972456
2015-10-27	0.02	6.4286458	6.4286458	200.541898	9.984329	0.967494
2015-10-28	0	5.4347138	5.4347138	168.480479	9.923293	0.790095
2015-10-29	0	8.5039584	8.5039584	108.263665	9.862581	0.838493
2015-10-30	0	8.2427084	8.2427084	88.534798	9.802212	1.038493
2015-10-31	0.02	7.2362498	7.2362498	202.619715	9.742206	0.948385
2015-11-01	0	7.1581668	7.1581668	207.325507	9.682584	0.934657
2015-11-02	0	5.0478748	5.0478748	211.567307	9.623367	0.644179
2015-11-03	0.06	3.9709168	3.9709168	209.368667	9.564577	0.435288
2015-11-04	0	7.5477082	7.5477082	171.162417	9.506236	0.788491
2015-11-05	0.8	10.4847914	10.4847914	158.986806	9.44837	1.243958
2015-11-06	0	12.1927082	12.1927082	119.487243	9.391001	1.492051
2015-11-07	4.56	16.0435416	16.0435416	87.010433	9.334156	1.868782
2015-11-08	0.02	12.7487498	12.7487498	139.484803	9.27786	1.554184
2015-11-09	0.02	14.6635416	14.6635416	104.081016	9.222141	1.670559
2015-11-10	0	14.4381252	14.4381252	82.036152	9.167027	1.68869
2015-11-11	0.54	12.9560418	12.9560418	78.994391	9.112547	1.430282
2015-11-12	0	10.9683334	10.9683334	104.429592	9.058729	1.208886
2015-11-13	0.06	11.0950002	11.0950002	107.083033	9.005604	1.167368
2015-11-14	0.02	7.2570834	7.2570834	122.287889	8.953203	0.75644
2015-11-15	4	10.8504168	10.8504168	18.593814	8.901559	1.129992
2015-11-16	0.3	11.125625	11.125625	129.696722	8.850702	1.200731
2015-11-17	1.32	12.3560418	12.3560418	67.381331	8.800668	1.313492
2015-11-18	0.3	12.5595694	12.5595694	56.585086	8.751489	1.351959
2015-11-19	3.28	10.3466666	10.3466666	101.074779	8.703199	1.218732
2015-11-20	0	6.5814152	6.5814152	63.824505	8.655835	0.742725
2015-11-21	0	3.6418752	3.6418752	105.237124	8.60943	0.312772
2015-11-22	0.28	1.3109164	1.3109164	115.393801	8.564022	0.117768
2015-11-23	0.06	-0.1589582	-0.1589582	67.819911	8.519646	0.044433
2015-11-24	0.04	1.1197916	1.1197916	100.828866	8.47634	0.056678
2015-11-25	0.14	2.8895834	2.8895834	56.719493	8.434138	0.250274
2015-11-26	0.14	2.6301668	2.6301668	54.150989	8.39308	0.250923
2015-11-27	0.02	0.8350832	0.8350832	90.348405	8.353201	0.0717
2015-11-28	0.84	1.0681252	1.0681252	31.765606	8.314539	0.11211
2015-11-29	1.4	6.506875	6.506875	39.497739	8.277129	0.523395
2015-11-30	2.76	7.2202082	7.2202082	59.979154	8.24101	0.695229
2015-12-01	0.46	7.18875	7.18875	71.562497	8.206217	0.672218
2015-12-02	0.04	8.8389584	8.8389584	66.113467	8.172785	0.865639
2015-12-03	0.02	5.7077084	5.7077084	103.529549	8.140751	0.51185
2015-12-04	0.02	5.8620834	5.8620834	29.813401	8.110147	0.577342
2015-12-05	0.02	4.5065416	4.5065416	94.753597	8.081009	0.496246
2015-12-06	0.04	7.1650832	7.1650832	102.933263	8.053369	0.719265
2015-12-07	0.02	9.1402082	9.1402082	19.382539	8.027258	0.884725
2015-12-08	0.02	3.7743752	3.7743752	78.771665	8.002707	0.634658
2015-12-09	0.6	5.0022918	5.0022918	50.049736	7.979746	0.543482
2015-12-10	0.04	2.4297918	2.4297918	94.019732	7.958401	0.214052
2015-12-11	0.16	3.9241668	3.9241668	25.858883	7.9387	0.319323
2015-12-12	0.06	4.8293668	4.8293668	96.114485	7.920667	0.461267
2015-12-13	0.18	4.4847808	4.4847808	40.147634	7.904325	0.492404
2015-12-14	0	0.5754584	0.5754584	27.493274	7.889695	0.158619
2015-12-15	0	4.875	4.875	50.850112	7.876797	0.451935
2015-12-16	0.08	7.1727084	7.1727084	67.541118	7.865647	0.651781
2015-12-17	0.08	10.9410416	10.9410416	31.89762	7.85626	1.028944
2015-12-18	2.02	10.499375	10.499375	45.770961	7.84865	0.982261
2015-12-19	0.06	7.3422916	7.3422916	72.877571	7.842827	0.865763
2015-12-20	0.04	7.7272916	7.7272916	75.475039	7.838799	0.846817
2015-12-21	1.22	9.342083	9.342083	45.960083	7.836572	0.879597
2015-12-22	0.28	10.9675	10.9675	32.019804	7.836151	1.031139
2015-12-23	0	8.2760418	8.2760418	46.446693	7.837536	0.910705
2015-12-24	0	6.4654998	6.4654998	82.911716	7.840726	0.76491
2015-12-25	0.04	9.1822916	9.1822916	67.259001	7.845718	0.914724
2015-12-26	0.02	12.031875	12.031875	89.683528	7.852505	1.072992
2015-12-27	0	8.8020836	8.8020836	71.966687	7.861081	0.88874
2015-12-28	0	9.1379166	9.1379166	47.24178	7.871434	0.871553
2015-12-29	0	4.8170416	4.8170416	61.225543	7.883551	0.571084
2015-12-30	0	2.3232086	2.3232086	75.402059	7.897418	0.301131
2015-12-31	1.78	0.281875	0.281875	72.196672	7.913018	0.1185
2016-01-01	0.02	2.2537082	2.2537082	59.280096	7.930332	0.152837
2016-01-02	0	-1.1808332	-1.1808332	43.910216	7.949338	0.019293
2016-01-03	0	-3.8074166	-3.8074166	90.07798	7.970015	0
2016-01-04	0.7	-3.878042	-3.878042	48.495888	7.992337	0
2016-01-05	0.22	-4.951375	-4.951375	51.766043	8.016278	0
2016-01-06	0	-6.311375	-6.311375	23.696946	8.041811	0
2016-01-07	0.24	-3.4089998	-3.4089998	69.085573	8.068907	0
2016-01-08	0.16	3.0902082	3.0902082	107.699714	8.097534	0.226401
2016-01-09	0	-1.4020832	-1.4020832	93.59159	8.127662	0
2016-01-10	1.88	2.6823334	2.6823334	63.221967	8.159258	0.2635
2016-01-11	5.6	3.55625	3.55625	40.137605	8.192287	0.299585
2016-01-12	0.08	4.3702084	4.3702084	73.968263	8.226717	0.31217
2016-01-13	0.36	2.8545416	2.8545416	48.781247	8.262511	0.194266
2016-01-14	0.6	1.76525	1.76525	97.670447	8.299634	0.105632
2016-01-15	0.04	1.1285834	1.1285834	80.484206	8.338049	0.079931
2016-01-16	0.02	-0.363	-0.363	71.564568	8.377721	0
2016-01-17	0.02	-1.5001248	-1.5001248	69.802567	8.418612	0
2016-01-18	0	-5.0852916	-5.0852916	108.813876	8.460686	0
2016-01-19	0	-6.8191228	-6.8191228	135.451445	8.503905	0
2016-01-20	0	-2.4722082	-2.4722082	73.060983	8.548232	0
2016-01-21	0	-4.911875	-4.911875	83.80566	8.593632	0
2016-01-22	0	-6.8788772	-6.8788772	142.550438	8.640067	0
2016-01-23	2.42	1.2850416	1.2850416	44.988003	8.6875	0.145647
2016-01-24	0.36	3.5375	3.5375	81.390196	8.735897	0.270349
2016-01-25	0.42	6.2347916	6.2347916	43.768655	8.785221	0.660251
2016-01-26	0.02	8.57125	8.57125	102.312925	8.835437	0.7757
2016-01-27	0.02	9.732941	9.732941	61.55903	8.886511	0.938164
2016-01-28	0.02	7.4612498	7.4612498	124.128225	8.938409	0.738976
2016-01-29	0.06	5.581125	5.581125	135.521108	8.991098	0.465099
2016-01-30	0.98	7.094375	7.094375	69.168614	9.044546	0.658591
2016-01-31	0.16	3.7645834	3.7645834	124.798338	9.098719	0.322135
2016-02-01	1.1	9.1652082	9.1652082	19.575728	9.153588	0.932294
2016-02-02	5.78	8.6660418	8.6660418	55.513939	9.209121	1.044119
2016-02-03	0.02	4.2339584	4.2339584	147.680118	9.26529	0.43866
2016-02-04	0	3.0383334	3.0383334	84.196674	9.322066	0.255195
2016-02-05	1.7	4.0795834	4.0795834	102.607439	9.379419	0.38263
2016-02-06	0	6.8181248	6.8181248	158.725461	9.437324	0.797857
2016-02-07	0	6.2287918	6.2287918	152.530677	9.495754	0.875477
2016-02-08	1.24	7.4108332	7.4108332	129.439506	9.554684	0.792602
2016-02-09	3.5	7.391875	7.391875	97.687149	9.614089	0.759343
2016-02-10	0	4.1154168	4.1154168	134.025555	9.673944	0.391109
2016-02-11	0	3.0281668	3.0281668	177.443721	9.734228	0.356822
2016-02-12	0	1.5181248	1.5181248	144.541134	9.794917	0.132885
2016-02-13	0.7	1.1609168	1.1609168	188.252405	9.855991	0.098797
2016-02-14	1.3	4.410625	4.410625	84.098245	9.917429	0.445542
2016-02-15	0.2	2.7331248	2.7331248	128.589433	9.979211	0.256998
2016-02-16	0	-0.5137082	-0.5137082	147.196246	10.041317	0
2016-02-17	0.88	-0.52475	-0.52475	102.836938	10.103731	0.00021
2016-02-18	0.34	1.624875	1.624875	181.491724	10.166433	0.163621
2016-02-19	0	1.3867082	1.3867082	195.135356	10.229408	0.099856
2016-02-20	0.02	3.4700418	3.4700418	60.80437	10.292639	0.314408
2016-02-21	3.28	10.0764584	10.0764584	25.462255	10.356111	1.186798
2016-02-22	11.8	7.658125	7.658125	30.000236	10.419808	0.964381
2016-02-23	0.36	3.5222916	3.5222916	161.227672	10.483717	0.349024
2016-02-24	0	2.3314166	2.3314166	236.078524	10.547824	0.23192
2016-02-25	0	0.7222084	0.7222084	265.122322	10.612116	0.025325
2016-02-26	0	-0.0025416	-0.0025416	244.939823	10.67658	0.049121
2016-02-27	0	0.2838332	0.2838332	236.790299	10.741205	0.020674
2016-02-28	0	0.7456666	0.7456666	208.362099	10.805979	0.114547
2016-02-29	0.58	0.364	0.364	139.083569	10.870891	0.070845
2016-03-01	0.1	0.4049166	0.4049166	180.920881	10.935932	0.024758
2016-03-02	1.18	4.081125	4.081125	117.88527	11.00109	0.479074
2016-03-03	0	2.2846248	2.2846248	194.473971	11.066357	0.297892
2016-03-04	0	2.828375	2.828375	257.623092	11.131723	0.312769
2016-03-05	0.26	5.6064586	5.6064586	194.780944	11.197179	0.657773
2016-03-06	0.84	3.7392084	3.7392084	205.157343	11.262718	0.460015
2016-03-07	0.1	2.1222084	2.1222084	261.281616	11.328331	0.240262
2016-03-08	0	1.2181408	1.2181408	285.371712	11.39401	0.126053
2016-03-09	0	2.1948748	2.1948748	340.24354	11.459748	0.263957
2016-03-10	0	3.685	3.685	93.83809	11.525537	0.34872
2016-03-11	0	2.8214584	2.8214584	104.47822	11.591372	0.351507
2016-03-12	0	2.3702082	2.3702082	110.091841	11.657244	0.258203
2016-03-13	0	1.77875	1.77875	163.628668	11.723149	0.18798
2016-03-14	0	3.4718334	3.4718334	296.272145	11.789078	0.194563
2016-03-15	1.9	3.6345834	3.6345834	155.978264	11.855027	0.403619
2016-03-16	0	4.4768098	4.4768098	297.293541	11.920988	0.448063
2016-03-17	0	3.6778748	3.6778748	405.163209	11.986957	0.472415
2016-03-18	0	3.8973332	3.8973332	328.767184	12.052928	0.507699
2016-03-19	0	5.2835416	5.2835416	157.324399	12.118894	0.694783
2016-03-20	0	5.6404166	5.6404166	148.6951	12.184851	0.699888
2016-03-21	1.58	6.1972916	6.1972916	238.635841	12.250792	0.841848
2016-03-22	0.1	5.7654166	5.7654166	228.950772	12.316711	0.734771
2016-03-23	1.28	5.25	5.25	175.090279	12.382605	0.631357
2016-03-24	0	5.2218748	5.2218748	278.6121	12.448466	0.631124
2016-03-25	1.76	6.52	6.52	187.562398	12.514289	0.881356
2016-03-26	0.04	8.1722916	8.1722916	255.327534	12.580069	1.10196
2016-03-27	0.04	7.2731668	7.2731668	332.851219	12.645799	1.155205
2016-03-28	0.24	8.3677498	8.3677498	327.60092	12.711474	1.284808
2016-03-29	0	8.1416666	8.1416666	394.836718	12.777088	1.169813
2016-03-30	2.82	8.1437502	8.1437502	212.628542	12.842635	1.191963
2016-03-31	7.92	6.0810416	6.0810416	79.236334	12.908108	0.886936
2016-04-01	3.94	6.353375	6.353375	349.866182	12.973501	0.873894
2016-04-02	0	7.3639164	7.3639164	442.986961	13.038807	1.202047
2016-04-03	0	11.6395834	11.6395834	487.882124	13.10402	1.992534
2016-04-04	0	13.5712542	13.5712542	402.651409	13.169132	2.463809
2016-04-05	0	14.1408334	14.1408334	436.832899	13.234136	2.228759
2016-04-06	0	11.7533334	11.7533334	429.609873	13.299024	1.87937
2016-04-07	0	8.8043752	8.8043752	280.085471	13.363789	1.508103
2016-04-08	0	7.7376666	7.7376666	454.032621	13.428422	1.19957
2016-04-09	0	6.7390832	6.7390832	414.208383	13.492914	1.254089
2016-04-10	0	5.9092916	5.9092916	390.00473	13.557257	1.261393
2016-04-11	0	7.4066666	7.4066666	232.412426	13.621442	1.185265
2016-04-12	0	11.0510416	11.0510416	397.615136	13.685458	1.911617
2016-04-13	6.1	11.2450002	11.2450002	376.331822	13.749296	1.845609
2016-04-14	0	8.7954168	8.7954168	332.635709	13.812945	1.470422
2016-04-15	1.38	8.9847918	8.9847918	295.348516	13.876394	1.636605
2016-04-16	0.8	10.8706248	10.8706248	230.496347	13.939632	1.871616
2016-04-17	3.38	7.5129166	7.5129166	295.63922	14.002647	1.430959
2016-04-18	0	7.86275	7.86275	456.595115	14.065427	1.239576
2016-04-19	0	8.4602084	8.4602084	410.046803	14.127958	1.433034
2016-04-20	0	6.9781252	6.9781252	497.655429	14.190227	1.199324
2016-04-21	0	8.5285	8.5285	619.947905	14.252221	1.383067
2016-04-22	0	8.4058334	8.4058334	595.628697	14.313924	1.33703
2016-04-23	0	5.4670834	5.4670834	304.814781	14.375321	0.960878
2016-04-24	0.14	3.6994582	3.6994582	536.08346	14.436398	0.649919
2016-04-25	0.4	5.2448334	5.2448334	558.203969	14.497137	0.68447
2016-04-26	0.56	5.7460414	5.7460414	525.170658	14.557521	0.80532
2016-04-27	2.76	4.6291666	4.6291666	419.573418	14.617533	0.711767
2016-04-28	0.12	5.6116252	5.6116252	552.216691	14.677154	0.963877
2016-04-29	0	6.7437916	6.7437916	497.636916	14.736367	1.326343
2016-04-30	0	10.946875	10.946875	530.20679	14.79515	1.836692
2016-05-01	0	10.7354166	10.7354166	522.864895	14.853485	2.001759
2016-05-02	0	11.1295834	11.1295834	617.102756	14.911349	2.082421
2016-05-03	0.16	9.8652084	9.8652084	527.920085	14.968722	1.904018
2016-05-04	0	9.4947916	9.4947916	421.031263	15.025581	1.585246
2016-05-05	0	12.6858334	12.6858334	564.809464	15.081904	2.04625
2016-05-06	0	14.6220832	14.6220832	674.414867	15.137666	2.951438
2016-05-07	0	15.958125	15.958125	685.399103	15.192843	3.230621
2016-05-08	0	15.8004168	15.8004168	654.525573	15.247411	3.212231
2016-05-09	0	17.3330794	17.3330794	672.571536	15.301344	3.386239
2016-05-10	0.08	16.4792036	16.4792036	664.498361	15.354615	3.475322
2016-05-11	0	15.2141668	15.2141668	655.302459	15.407197	3.504244
2016-05-12	0.48	15.8575044	15.8575044	618.441935	15.459064	3.539506
2016-05-13	0.08	15.6894916	15.6894916	613.155389	15.510187	3.350375
2016-05-14	0	10.6428958	10.6428958	586.862772	15.560538	2.072788
2016-05-15	0.84	10.9577082	10.9577082	522.537017	15.610087	1.52598
2016-05-16	0.08	11.4671874	11.4671874	553.497462	15.658804	1.62069
2016-05-17	0	11.0382084	11.0382084	376.415571	15.70666	1.932697
2016-05-18	0	13.7024998	13.7024998	485.370174	15.753624	2.714104
2016-05-19	0	13.815221	13.815221	542.347562	15.799665	2.956434
2016-05-20	0	17.1029584	17.1029584	429.336788	15.844753	3.184252
2016-05-21	0	17.7624998	17.7624998	494.215241	15.888854	3.59979
2016-05-22	0.58	20.38125	20.38125	698.819277	15.931938	4.436972
2016-05-23	16.56	17.51469	17.51469	349.261154	15.973974	3.67801
2016-05-24	0.08	13.3337408	13.3337408	163.686211	16.014928	2.798482
2016-05-25	0.02	13.2243752	13.2243752	267.880132	16.054769	2.851502
2016-05-26	0	15.4710418	15.4710418	381.808541	16.093464	3.183052
2016-05-27	0	13.4387502	13.4387502	359.924627	16.130984	3.241001
2016-05-28	0	18.550625	18.550625	561.617524	16.167294	3.773335
2016-05-29	0.34	20.5939584	20.5939584	518.850617	16.202365	4.246592
2016-05-30	0	19.2841666	19.2841666	515.935583	16.236166	4.18545
2016-05-31	0.52	18.7577082	18.7577082	609.906535	16.268665	4.040449
2016-06-01	2.9	17.1785414	17.1785414	221.948282	16.299834	3.768479
2016-06-02	0.12	17.8872918	17.8872918	469.764633	16.329643	3.802413
2016-06-03	0	18.8327082	18.8327082	472.36289	16.358063	4.001988
2016-06-04	0	19.6491666	19.6491666	588.367737	16.385067	4.283996
2016-06-05	0	20.62625	20.62625	679.554056	16.410627	4.395358
2016-06-06	0	20.2475	20.2475	691.346588	16.43472	4.303361
2016-06-07	0	19.5185418	19.5185418	719.59619	16.457319	4.340853
2016-06-08	0	19.1708332	19.1708332	675.445376	16.478402	4.130003
2016-06-09	0	16.06375	16.06375	399.536053	16.497946	3.399287
2016-06-10	0	16.2823408	16.2823408	720.543644	16.515931	3.506023
2016-06-11	0	17.09375	17.09375	416.682987	16.532337	3.462591
2016-06-12	0.92	16.5910942	16.5910942	452.087188	16.547148	3.701953
2016-06-13	21.4	15.8072918	15.8072918	413.68554	16.560346	3.52684
2016-06-14	1.02	18.141533	18.141533	553.971757	16.571918	3.533763
2016-06-15	0.42	16.7649998	16.7649998	449.568935	16.581851	3.440102
2016-06-16	0.38	16.2537502	16.2537502	398.803419	16.590134	3.396338
2016-06-17	11.62	15.870625	15.870625	355.952417	16.596759	3.416557
2016-06-18	0.2	16.5252082	16.5252082	621.703483	16.601717	3.588906
2016-06-19	0.74	16.114375	16.114375	541.333777	16.605005	3.364508
2016-06-20	0	17.8320834	17.8320834	547.189944	16.606619	3.567578
2016-06-21	0.12	19.6304168	19.6304168	488.57534	16.606557	4.135185
2016-06-22	0	21.5168748	21.5168748	420.536518	16.604821	4.61542
2016-06-23	0	24.8429168	24.8429168	742.8871	16.601413	5.530407
2016-06-24	0	25.2797916	25.2797916	750.493337	16.596337	6.035136
2016-06-25	14.48	22.04625	22.04625	530.649726	16.589601	5.27425
2016-06-26	0	18.9202084	18.9202084	545.624038	16.581212	3.973018
2016-06-27	0.06	18.5475002	18.5475002	581.577344	16.571181	3.863237
2016-06-28	0	18.4052082	18.4052082	515.81821	16.55952	4.013161
2016-06-29	0.2	20.1814586	20.1814586	605.776379	16.546244	4.360117
2016-06-30	0	18.9202084	18.9202084	531.730414	16.531366	4.361262
2016-07-01	0	21.7339584	21.7339584	606.198062	16.514906	4.802135
2016-07-02	0	17.5866668	17.5866668	369.504711	16.496881	4.002066
2016-07-03	0.04	15.77625	15.77625	650.868044	16.477312	3.425614
2016-07-04	0	17.5104166	17.5104166	506.180617	16.45622	3.724463
2016-07-05	0.12	18.6514762	18.6514762	538.79485	16.43363	4.2984
2016-07-06	0	16.88625	16.88625	551.40034	16.409563	3.482939
2016-07-07	0	17.4410868	17.4410868	602.887833	16.384047	3.52149
2016-07-08	0.28	21.4011806	21.4011806	543.819892	16.357108	4.461879
2016-07-09	0	18.7697766	18.7697766	622.032742	16.328773	4.311382
2016-07-10	0	20.4640624	20.4640624	673.223354	16.29907	5.227277
2016-07-11	0	25.9347186	25.9347186	584.517776	16.268029	5.566861
2016-07-12	0	21.1446346	21.1446346	428.282919	16.235678	4.592661
2016-07-13	16.4	16.9344204	16.9344204	410.047898	16.20205	3.758247
2016-07-14	1.9	15.3575	15.3575	283.428958	16.167173	3.225048
2016-07-15	0.02	14.755625	14.755625	286.260517	16.13108	3.214119
2016-07-16	0	17.6947916	17.6947916	463.071623	16.093802	3.719336
2016-07-17	5.68	20.231651	20.231651	316.199313	16.05537	4.164182
2016-07-18	0	20.34633	20.34633	518.931196	16.015817	4.241317
2016-07-19	0	21.9833332	21.9833332	649.502176	15.975175	4.575054
2016-07-20	0	23.59125	23.59125	705.824371	15.933475	5.00648
2016-07-21	0	21.5099256	21.5099256	278.383609	15.89075	4.603659
2016-07-22	1.68	23.5041666	23.5041666	635.42195	15.847031	5.031705
2016-07-23	0.16	21.8749998	21.8749998	521.732554	15.80235	4.980059
2016-07-24	0	23.941875	23.941875	612.546677	15.756739	5.013429
2016-07-25	0	24.3164582	24.3164582	555.729075	15.710227	5.089836
2016-07-26	18.76	22.2097916	22.2097916	536.602341	15.662846	4.804886
2016-07-27	2.2	21.4235416	21.4235416	479.782024	15.614626	4.598336
2016-07-28	8.7	21.09375	21.09375	506.10649	15.565597	4.493178
2016-07-29	1.08	20.7576774	20.7576774	525.039664	15.515788	4.395632
2016-07-30	0.04	19.7708334	19.7708334	420.075147	15.465228	4.383621
2016-07-31	2.5	19.0329164	19.0329164	407.762492	15.413945	4.010338
2016-08-01	0.06	17.3614584	17.3614584	489.894114	15.361967	3.57934
2016-08-02	2.98	15.8966668	15.8966668	217.487451	15.30932	3.332992
2016-08-03	0.94	19.0835414	19.0835414	113.647373	15.256032	3.695551
2016-08-04	2.36	19.1685416	19.1685416	378.058595	15.202128	4.193027
2016-08-05	5.8	18.1997918	18.1997918	371.933173	15.147632	3.727538
2016-08-06	0.3	17.6993752	17.6993752	459.341197	15.092571	3.600048
2016-08-07	0	20.178555	20.178555	622.422581	15.036966	3.909246
2016-08-08	0	21.8541664	21.8541664	573.476495	14.980842	4.423004
2016-08-09	0	17.5216666	17.5216666	364.622162	14.924221	3.360457
2016-08-10	6.8	12.4683334	12.4683334	413.914152	14.867125	2.656383
2016-08-11	0.28	13.7233332	13.7233332	408.256109	14.809574	2.534057
2016-08-12	0.78	16.6391666	16.6391666	96.776819	14.751589	3.031862
2016-08-13	0	21.6222918	21.6222918	568.707136	14.693191	4.167666
2016-08-14	0	18.5133336	18.5133336	376.077556	14.634396	3.609294
2016-08-15	0	17.8170834	17.8170834	284.261582	14.575226	3.197157
2016-08-16	0	17.9129166	17.9129166	420.410794	14.515696	3.236091
2016-08-17	0	13.5747918	13.5747918	317.94625	14.455824	2.693715
2016-08-18	0	16.7110418	16.7110418	586.411986	14.395626	3.167002
2016-08-19	0	19.8729166	19.8729166	506.140192	14.335119	3.615073
2016-08-20	1.06	20.7629168	20.7629168	375.955963	14.274317	3.878909
2016-08-21	0	18.2141666	18.2141666	482.924955	14.213236	3.356363
2016-08-22	0	19.8505548	19.8505548	412.842471	14.151889	3.443075
2016-08-23	0	21.3506252	21.3506252	423.013825	14.090289	3.95043
2016-08-24	0	22.4004164	22.4004164	558.203856	14.028451	4.203714
2016-08-25	0	23.3247916	23.3247916	568.582939	13.966386	4.412416
2016-08-26	0	24.4308334	24.4308334	567.44151	13.904105	4.620786
2016-08-27	0	24.67125	24.67125	545.257072	13.841622	4.49748
2016-08-28	4.86	25.0558334	25.0558334	521.173375	13.778946	4.736204
2016-08-29	0.02	21.02125	21.02125	409.290256	13.716088	3.831386
2016-08-30	0	16.666875	16.666875	516.763119	13.653058	3.12078
2016-08-31	0	17.679671	17.679671	538.631477	13.589866	3.280933
2016-09-01	0	20.0158334	20.0158334	337.260491	13.526521	3.668201
2016-09-02	0	20.3229166	20.3229166	471.502663	13.463032	3.655376
2016-09-03	0	22.0175002	22.0175002	408.272336	13.399407	3.870464
2016-09-04	1.86	18.7864584	18.7864584	208.33838	13.335655	3.465278
2016-09-05	0.26	17.0620832	17.0620832	196.516538	13.271784	3.05944
2016-09-06	0	17.2479166	17.2479166	350.113641	13.2078	3.036395
2016-09-07	0	18.11875	18.11875	478.954044	13.143711	3.243971
2016-09-08	0	20.952708	20.952708	481.821533	13.079524	3.832422
2016-09-09	0	21.3625002	21.3625002	355.607117	13.015246	3.937672
2016-09-10	0	21.1985418	21.1985418	429.047282	12.950883	3.867509
2016-09-11	0	22.1020834	22.1020834	400.586643	12.886441	3.95425
2016-09-12	0	22.9304164	22.9304164	448.036983	12.821927	4.240171
2016-09-13	0	23.420625	23.420625	441.928001	12.757346	4.207385
2016-09-14	0	22.6277086	22.6277086	419.172335	12.692703	4.124067
2016-09-15	0	20.6304168	20.6304168	443.692308	12.628006	3.730542
2016-09-16	0.56	18.1833334	18.1833334	319.487919	12.563258	3.311577
2016-09-17	10.58	16.1710418	16.1710418	61.271689	12.498465	2.681383
2016-09-18	0.08	15.418125	15.418125	191.232774	12.433633	2.630669
2016-09-19	0.18	14.2404168	14.2404168	103.543417	12.368766	2.286359
2016-09-20	0.02	12.7354168	12.7354168	258.345073	12.30387	2.200898
2016-09-21	0	14.0827082	14.0827082	244.48695	12.238949	2.234293
2016-09-22	0	14.0912498	14.0912498	299.344615	12.174009	2.367262
2016-09-23	0	15.8695834	15.8695834	322.981053	12.109055	2.618571
2016-09-24	0	15.0372916	15.0372916	310.59296	12.044091	2.461048
2016-09-25	0	14.6783334	14.6783334	376.850118	11.979124	2.538157
2016-09-26	0	14.4638816	14.4638816	288.707423	11.914157	2.466937
2016-09-27	0	15.6502082	15.6502082	252.002373	11.849197	2.526791
2016-09-28	0	17.4414584	17.4414584	286.042225	11.784249	2.746786
2016-09-29	0	20.2908334	20.2908334	332.670675	11.719317	3.08704
2016-09-30	0.1	14.1630916	14.1630916	144.765552	11.654409	2.68789
2016-10-01	2.76	13.0614582	13.0614582	111.229728	11.589528	2.097006
2016-10-02	0.1	13.5445832	13.5445832	275.836233	11.524683	2.052691
2016-10-03	0.2	11.7830208	11.7830208	132.86822	11.459877	1.610105
2016-10-04	0.68	11.9439582	11.9439582	217.031535	11.395119	1.678175
2016-10-05	0.2	8.3326862	8.3326862	236.470184	11.330414	1.192856
2016-10-06	2.2	9.3283334	9.3283334	45.287248	11.265769	1.283269
2016-10-07	0.54	9.6016668	9.6016668	108.899557	11.201191	1.322279
2016-10-08	0.64	8.4518748	8.4518748	142.590276	11.136689	1.145487
2016-10-09	0.2	7.296875	7.296875	155.765782	11.072269	0.984171
2016-10-10	0.5	7.2510416	7.2510416	253.096934	11.007939	0.94011
2016-10-11	2.22	7.1397916	7.1397916	109.672915	10.943709	0.870402
2016-10-12	0.9	6.8627082	6.8627082	86.45392	10.879586	0.870645
2016-10-13	0	7.3777084	7.3777084	91.585236	10.815581	0.939306
2016-10-14	0	8.8272916	8.8272916	189.404001	10.751703	1.139722
2016-10-15	0	10.8404166	10.8404166	152.132766	10.687961	1.488673
2016-10-16	0	12.4225	12.4225	206.117048	10.624367	1.682342
2016-10-17	0	11.208125	11.208125	184.805246	10.560932	1.619672
2016-10-18	12.82	12.1367236	12.1367236	176.17238	10.497667	1.604297
2016-10-19	1.76	9.6625	9.6625	160.635552	10.434585	1.204767
2016-10-20	3.2	7.5452084	7.5452084	142.67377	10.371698	0.89982
2016-10-21	4.36	6.845	6.845	107.046593	10.309019	0.664562
2016-10-22	2.32	5.8531252	5.8531252	113.786349	10.246562	0.69317
2016-10-23	0	4.5737498	4.5737498	115.139477	10.184343	0.681147
2016-10-24	6.36	6.9175	6.9175	53.848525	10.122376	0.912483
2016-10-25	2.16	8.9333334	8.9333334	37.176073	10.060677	1.034142
2016-10-26	0.02	7.6360418	7.6360418	54.214458	9.999262	0.865244
2016-10-27	0.24	9.4352082	9.4352082	87.217568	9.93815	1.090921
2016-10-28	0.14	10.6602084	10.6602084	47.534591	9.877357	1.361634
2016-10-29	0.02	10.0745966	10.0745966	116.134898	9.816903	1.201378
2016-10-30	0	8.0775	8.0775	84.152946	9.756808	1.005497
2016-10-31	0.02	8.7833334	8.7833334	80.731421	9.69709	1.075093
2016-11-01	0.44	8.7560416	8.7560416	165.079142	9.637773	1.133077
2016-11-02	0.66	6.970625	6.970625	154.614697	9.578877	0.776954
2016-11-03	0	5.0685416	5.0685416	172.463756	9.520425	0.482931
2016-11-04	0	5.651875	5.651875	112.512393	9.46244	0.588825
2016-11-05	5.84	7.1653244	7.1653244	64.696413	9.404948	0.782192
2016-11-06	0.02	5.5727084	5.5727084	116.709282	9.347973	0.564454
2016-11-07	7.64	3.8102084	3.8102084	102.607091	9.291541	0.342646
2016-11-08	0.36	2.614755	2.614755	99.237716	9.235679	0.211112
2016-11-09	0.04	1.7566564	1.7566564	95.329218	9.180415	0.143607
2016-11-10	2.5	1.98125	1.98125	55.693189	9.125777	0.188175
2016-11-11	0.04	1.3273494	1.3273494	42.935348	9.071795	0.137272
2016-11-12	0	0.1393748	0.1393748	71.053713	9.018498	0.03207
2016-11-13	0.02	-0.3959442	-0.3959442	155.45874	8.965918	0
2016-11-14	0	-0.9669582	-0.9669582	159.942973	8.914086	0
2016-11-15	2.4	2.7225002	2.7225002	13.37408	8.863035	0.212754
2016-11-16	1.54	7.60375	7.60375	15.220613	8.812796	0.72443
2016-11-17	0.02	10.2395836	10.2395836	84.28622	8.763405	1.045054
2016-11-18	2.16	9.8510418	9.8510418	96.485462	8.714896	1.082622
2016-11-19	0.4	5.549375	5.549375	68.323353	8.667302	0.607295
2016-11-20	0.06	7.63625	7.63625	108.169712	8.62066	0.728636
2016-11-21	0.06	8.6570834	8.6570834	104.320057	8.575005	0.977825
2016-11-22	0.06	8.6652084	8.6652084	89.485841	8.530374	0.924094
2016-11-23	0.06	5.8639582	5.8639582	113.908432	8.486803	0.616256
2016-11-24	0.06	6.3033332	6.3033332	29.007167	8.444328	0.486722
2016-11-25	0.06	2.6572916	2.6572916	85.467969	8.402988	0.174302
2016-11-26	0.04	0.2479168	0.2479168	86.281767	8.362817	0.055298
2016-11-27	0.06	3.2337502	3.2337502	73.608929	8.323854	0.313076
2016-11-28	0.04	-0.729375	-0.729375	118.122275	8.286136	0
2016-11-29	0.04	-2.7475	-2.7475	119.025139	8.249698	0
2016-11-30	0.04	0.131875	0.131875	53.300784	8.214577	0.030321
2016-12-01	0.06	4.7266668	4.7266668	20.338673	8.18081	0.392517
2016-12-02	0.7	3.3502678	3.3502678	110.882225	8.148431	0.2861
2016-12-03	0.06	-0.5828868	-0.5828868	114.328398	8.117475	0
2016-12-04	0.06	-2.3639582	-2.3639582	108.207603	8.087976	0
2016-12-05	0.06	-2.6532292	-2.6532292	112.898565	8.059966	0
2016-12-06	0.04	-1.3591666	-1.3591666	67.765347	8.033479	0
2016-12-07	0.02	-0.5750148	-0.5750148	74.733301	8.008544	0.002884
2016-12-08	0.04	3.87561	3.87561	96.59724	7.985192	0.357641
2016-12-09	0.02	5.12186	5.12186	28.932939	7.96345	0.508413
2016-12-10	0	6.1558186	6.1558186	63.908721	7.943345	0.60315
2016-12-11	0.12	6.0641518	6.0641518	25.423496	7.924902	0.597576
2016-12-12	1.12	4.355402	4.355402	26.090449	7.908145	0.453808
2016-12-13	0.04	3.5689436	3.5689436	56.298245	7.893095	0.330003
2016-12-14	0.26	4.9345832	4.9345832	17.150079	7.879771	0.452079
2016-12-15	0.08	2.0428868	2.0428868	45.408817	7.868193	0.16565
2016-12-16	0.08	-0.8395834	-0.8395834	99.449406	7.858374	0
2016-12-17	0.04	0.10875	0.10875	90.709882	7.850329	0.020049
2016-12-18	0.4	3.5484518	3.5484518	17.155791	7.844068	0.237351
2016-12-19	0.04	1.8441666	1.8441666	43.056913	7.839601	0.207508
2016-12-20	0.02	-2.8290636	-2.8290636	86.192363	7.836933	0
2016-12-21	0	-1.2285418	-1.2285418	89.596342	7.836071	0
2016-12-22	0.18	0.3175	0.3175	75.185328	7.837014	0.059629
2016-12-23	0	1.8879166	1.8879166	76.221854	7.839763	0.109088
2016-12-24	0.02	4.9154164	4.9154164	37.053695	7.844315	0.379622
2016-12-25	0	7.691875	7.691875	11.091789	7.850665	0.619809
2016-12-26	1.52	7.4283334	7.4283334	19.278165	7.858804	0.65246
2016-12-27	0	6.0839584	6.0839584	62.476729	7.868724	0.51216
2016-12-28	0.12	5.8193752	5.8193752	27.975392	7.880411	0.508929
2016-12-29	0	2.1793752	2.1793752	53.139074	7.893852	0.295609
2016-12-30	0	-0.037083	-0.037083	99.154557	7.909031	0.002068
2016-12-31	0	0.1988026	0.1988026	100.012691	7.925927	0
2017-01-01	0	-1.76625	-1.76625	100.641401	7.944522	0
2017-01-02	0.1	-0.37	-0.37	45.434942	7.964793	0
2017-01-03	0.06	1.6092688	1.6092688	56.705988	7.986716	0.100485
2017-01-04	2.28	1.8233334	1.8233334	74.48288	8.010264	0.170778
2017-01-05	0	-3.0818748	-3.0818748	76.014181	8.035411	0
2017-01-06	0	-7.8227542	-7.8227542	94.784274	8.062127	0
2017-01-07	0.12	-5.4277082	-5.4277082	59.090369	8.090383	0
2017-01-08	0.22	-0.3437502	-0.3437502	22.895144	8.120148	0
2017-01-09	0	-0.0650132	-0.0650132	61.066036	8.151388	0
2017-01-10	0	-1.1694956	-1.1694956	106.425904	8.18407	0
2017-01-11	1.04	0.58875	0.58875	49.39684	8.218161	5.00E-06
2017-01-12	0.82	3.0027086	3.0027086	88.060726	8.253625	0.192774
2017-01-13	2.46	1.6345834	1.6345834	32.710671	8.290427	0.114759
2017-01-14	0.52	1.0956252	1.0956252	81.665032	8.32853	0.034671
2017-01-15	0.32	0.038958	0.038958	81.309646	8.367898	0
2017-01-16	0.02	-2.9658818	-2.9658818	86.26977	8.408495	0
2017-01-17	0	-3.103125	-3.103125	77.570272	8.450284	0
2017-01-18	0	-3.9402082	-3.9402082	71.71808	8.493226	0
2017-01-19	0	-5.8652084	-5.8652084	102.542461	8.537287	0
2017-01-20	0	-3.1502082	-3.1502082	95.002991	8.582428	0
2017-01-21	0	-3.1639582	-3.1639582	88.804199	8.628614	0
2017-01-22	0	-5.1425	-5.1425	129.074412	8.675807	0
2017-01-23	0.2	-5.7935416	-5.7935416	81.943657	8.723972	0
2017-01-24	0	-2.9122918	-2.9122918	54.474563	8.773073	0
2017-01-25	0	-0.8793748	-0.8793748	53.67997	8.823075	0
2017-01-26	0	-1.351875	-1.351875	151.124571	8.873943	0
2017-01-27	0	-3.724375	-3.724375	158.797386	8.925643	0
2017-01-28	0	-3.7160418	-3.7160418	161.200366	8.978143	0
2017-01-29	0	0.076875	0.076875	155.815348	9.031408	0.05556
2017-01-30	0.94	1.2377082	1.2377082	45.959472	9.085407	0.163358
2017-01-31	1.8	0.9595836	0.9595836	67.16116	9.14011	0.124319
2017-02-01	0	-0.214375	-0.214375	83.118154	9.195484	0.006829
2017-02-02	0	1.0089584	1.0089584	131.130757	9.251501	0.180467
2017-02-03	0.38	3.6447916	3.6447916	77.349545	9.308131	0.434937
2017-02-04	0.02	3.1575	3.1575	185.046499	9.365347	0.32407
2017-02-05	0	2.4554166	2.4554166	85.871752	9.42312	0.249187
2017-02-06	0	0.1020832	0.1020832	32.806364	9.481425	0.038233
2017-02-07	0	-1.55625	-1.55625	69.946567	9.540235	0
2017-02-08	0	-2.8735414	-2.8735414	144.652752	9.599527	0
2017-02-09	0	-3.2514584	-3.2514584	180.923183	9.659275	0
2017-02-10	0	-2.2789584	-2.2789584	89.641556	9.719456	0
2017-02-11	0.44	-0.496875	-0.496875	157.371198	9.780049	0.008188
2017-02-12	0	-1.1270832	-1.1270832	198.992748	9.841032	0.011619
2017-02-13	0	-1.8941668	-1.8941668	228.381896	9.902383	0
2017-02-14	0	-1.9035416	-1.9035416	235.753672	9.964084	0
2017-02-15	0	0.85875	0.85875	236.244245	10.026113	0.153142
2017-02-16	1.62	5.3760414	5.3760414	227.985118	10.088454	0.635334
2017-02-17	0.12	4.8877084	4.8877084	120.898705	10.151089	0.50729
2017-02-18	0	3.3339584	3.3339584	78.012308	10.213999	0.386048
2017-02-19	0.14	3.4470832	3.4470832	175.220909	10.27717	0.347268
2017-02-20	1.78	6.3427084	6.3427084	100.25463	10.340585	0.693953
2017-02-21	0.18	7.9766666	7.9766666	153.876045	10.404229	0.965505
2017-02-22	2.26	9.0262502	9.0262502	31.690808	10.468088	1.049686
2017-02-23	0.6	8.1847916	8.1847916	51.870486	10.532149	0.996928
2017-02-24	0.04	3.7427086	3.7427086	190.685988	10.596397	0.428272
2017-02-25	0	4.492989	4.492989	254.050397	10.660821	0.398125
2017-02-26	0	8.4029168	8.4029168	157.274891	10.725409	0.919407
2017-02-27	0	9.5014584	9.5014584	234.170082	10.790148	1.120507
2017-02-28	0.14	7.27625	7.27625	226.293108	10.855029	0.903796
2017-03-01	0.46	5.2885414	5.2885414	227.118645	10.92004	0.560808
2017-03-02	0.56	6.596875	6.596875	240.130821	10.985171	0.777412
2017-03-03	0	6.1397918	6.1397918	266.71953	11.050413	0.754115
2017-03-04	0	9.2929166	9.2929166	313.813688	11.115756	1.267484
2017-03-05	0	8.2520834	8.2520834	228.921812	11.181192	1.05985
2017-03-06	3.68	5.8897566	5.8897566	136.549943	11.246712	0.594102
2017-03-07	0.58	3.175	3.175	123.481823	11.312309	0.440818
2017-03-08	2.72	5.5780916	5.5780916	191.128881	11.377973	0.614556
2017-03-09	2.58	7.822197	7.822197	239.657997	11.443698	0.931903
2017-03-10	0	6.0645832	6.0645832	214.30907	11.509477	0.764382
2017-03-11	0	3.8160416	3.8160416	277.329311	11.575302	0.493137
2017-03-12	0	3.2431252	3.2431252	360.354877	11.641167	0.336464
2017-03-13	0.16	4.1347916	4.1347916	343.775792	11.707065	0.469421
2017-03-14	0	8.0954674	8.0954674	292.494478	11.77299	0.916556
2017-03-15	0	8.800625	8.800625	272.361283	11.838935	1.214269
2017-03-16	0	7.4347918	7.4347918	377.94698	11.904895	0.953797
2017-03-17	0.08	7.2745514	7.2745514	186.999554	11.970864	1.079988
2017-03-18	3.7	7.2247916	7.2247916	140.528165	12.036835	0.937756
2017-03-19	2.22	7.5495832	7.5495832	59.22691	12.102804	1.052215
2017-03-20	0	11.2520834	11.2520834	150.279282	12.168765	1.555082
2017-03-21	2.84	8.8595836	8.8595836	131.01443	12.234711	1.329021
2017-03-22	0	6.9070834	6.9070834	327.821983	12.300637	0.944037
2017-03-23	2.3	6.6924068	6.6924068	167.137024	12.366539	0.864212
2017-03-24	0	6.4839584	6.4839584	364.363631	12.432409	0.926264
2017-03-25	0	6.4375002	6.4375002	439.349313	12.498243	0.856605
2017-03-26	0	6.2541666	6.2541666	443.135041	12.564035	0.863454
2017-03-27	0	7.443125	7.443125	464.670487	12.629779	1.02129
2017-03-28	0	12.1135418	12.1135418	473.042167	12.695469	1.621396
2017-03-29	0	13.3852082	13.3852082	251.845028	12.7611	1.902819
2017-03-30	0	13.8260416	13.8260416	270.673411	12.826664	2.099417
2017-03-31	0	14.5114584	14.5114584	477.864967	12.892157	2.412226
2017-04-01	9.52	13.3704168	13.3704168	463.949755	12.957571	2.183952
2017-04-02	0.02	11.8991664	11.8991664	257.514336	13.0229	1.865041
2017-04-03	0	7.74875	7.74875	293.101909	13.088137	1.333266
2017-04-04	0.72	8.1070834	8.1070834	161.26936	13.153276	1.369055
2017-04-05	0.06	9.07125	9.07125	250.354052	13.218308	1.430815
2017-04-06	0	8.6272916	8.6272916	365.826685	13.283226	1.159061
2017-04-07	0.4	9.5420832	9.5420832	152.183954	13.348023	1.362553
2017-04-08	0	9.8672918	9.8672918	158.980035	13.412689	1.656798
2017-04-09	0	10.3225	10.3225	507.502717	13.477218	1.980307
2017-04-10	0	10.6639582	10.6639582	469.646621	13.5416	2.006264
2017-04-11	0	8.2654166	8.2654166	352.138069	13.605825	1.284748
2017-04-12	1.64	10.2025	10.2025	273.735084	13.669884	1.73096
2017-04-13	1.54	8.465625	8.465625	430.35386	13.733768	1.511249
2017-04-14	0	8.9014582	8.9014582	379.83104	13.797465	1.332511
2017-04-15	0	8.8035416	8.8035416	209.207312	13.860965	1.452059
2017-04-16	0	7.2325002	7.2325002	510.330461	13.924257	1.143633
2017-04-17	2.88	5.8551686	5.8551686	403.322529	13.987328	0.911533
2017-04-18	2.36	3.4083422	3.4083422	310.515828	14.050168	0.491669
2017-04-19	0.06	2.346707	2.346707	445.46505	14.112762	0.369063
2017-04-20	0	3.585158	3.585158	496.978051	14.175097	0.506833
2017-04-21	0	9.6947918	9.6947918	359.583017	14.23716	1.294401
2017-04-22	0	7.6447916	7.6447916	440.352752	14.298937	1.287758
2017-04-23	0.68	5.7347916	5.7347916	463.526748	14.360411	0.940768
2017-04-24	0	8.2564366	8.2564366	533.828077	14.421568	1.339771
2017-04-25	0	6.4727082	6.4727082	387.777763	14.482392	1.406846
2017-04-26	0	5.659889	5.659889	438.546529	14.542865	1.080469
2017-04-27	0.1	6.0087232	6.0087232	571.876152	14.602971	1.00525
2017-04-28	0.14	7.5599732	7.5599732	520.001544	14.66269	1.17484
2017-04-29	0.04	7.3129166	7.3129166	481.23227	14.722005	1.138725
2017-04-30	0	9.1939692	9.1939692	625.429105	14.780896	1.397705
2017-05-01	0	11.7689584	11.7689584	418.30124	14.839343	1.982378
2017-05-02	3.32	8.6758574	8.6758574	252.123164	14.897325	1.710678
2017-05-03	0.02	11.6239246	11.6239246	520.543764	14.954821	2.096501
2017-05-04	0	9.1275	9.1275	138.740148	15.011809	1.637179
2017-05-05	0	8.9614584	8.9614584	132.995779	15.068265	1.606785
2017-05-06	0.08	11.5339586	11.5339586	246.72554	15.124167	2.197967
2017-05-07	0	14.3070834	14.3070834	413.68411	15.17949	2.437014
2017-05-08	0.14	8.478581	8.478581	240.765344	15.23421	1.64128
2017-05-09	0.04	6.509375	6.509375	468.634649	15.288301	1.042118
2017-05-10	0.04	10.0164584	10.0164584	458.167219	15.341736	1.548364
2017-05-11	0	13.5339584	13.5339584	693.07	15.39449	2.387564
2017-05-12	3.68	14.7379552	14.7379552	480.90565	15.446535	2.882319
2017-05-13	0.3	15.6295524	15.6295524	535.627329	15.497843	3.016795
2017-05-14	0.36	15.0245834	15.0245834	469.648277	15.548385	3.00302
2017-05-15	0.1	14.5741668	14.5741668	593.18784	15.598133	3.021966
2017-05-16	0.02	16.4536866	16.4536866	456.161976	15.647057	3.292913
2017-05-17	0	19.510625	19.510625	626.932331	15.695126	4.0712
2017-05-18	0	19.961771	19.961771	660.999694	15.742311	4.452705
2017-05-19	20.14	19.4734376	19.4734376	581.105065	15.788581	4.131196
2017-05-20	0.46	15.130625	15.130625	385.369906	15.833904	2.883738
2017-05-21	0	15.4331248	15.4331248	500.707469	15.87825	3.061745
2017-05-22	0	15.6864586	15.6864586	658.757078	15.921586	3.309237
2017-05-23	0	17.9779168	17.9779168	521.675366	15.96388	3.744944
2017-05-24	0	13.6800002	13.6800002	354.595079	16.005101	2.796579
2017-05-25	0	15.046875	15.046875	387.422866	16.045217	2.953459
2017-05-26	0	18.0754164	18.0754164	597.886512	16.084195	3.70484
2017-05-27	0	19.5343748	19.5343748	731.660808	16.122004	4.140723
2017-05-28	0	22.0322918	22.0322918	686.513767	16.158613	4.863722
2017-05-29	0	23.7116668	23.7116668	618.242381	16.193989	5.243316
2017-05-30	7.7	20.6085416	20.6085416	505.649986	16.228103	4.9112
2017-05-31	0.02	18.3005276	18.3005276	483.269186	16.260922	3.97962
2017-06-01	0	16.3735416	16.3735416	759.644395	16.292418	3.468686
2017-06-02	0.5	19.675	19.675	668.238215	16.322561	4.337761
2017-06-03	5.22	17.695625	17.695625	505.592932	16.351322	4.645464
2017-06-04	3.38	16.6645834	16.6645834	349.033871	16.378674	3.65767
2017-06-05	0.3	16.6116666	16.6116666	468.347394	16.404589	3.419034
2017-06-06	0.44	16.7825002	16.7825002	543.286958	16.429041	3.72724
2017-06-07	0.14	14.0135418	14.0135418	665.317842	16.452007	3.044017
2017-06-08	0	17.0222918	17.0222918	417.234171	16.473461	3.58615
2017-06-09	0.06	18.1039584	18.1039584	609.475919	16.493382	4.207009
2017-06-10	0.02	18.5010328	18.5010328	497.163117	16.511748	3.787671
2017-06-11	0	22.1691668	22.1691668	709.835041	16.528541	4.835679
2017-06-12	0	20.28375	20.28375	568.594389	16.543742	4.369904
2017-06-13	0	16.0395834	16.0395834	368.824917	16.557334	3.541438
2017-06-14	0	17.8158334	17.8158334	736.867031	16.569303	3.68481
2017-06-15	2.3	20.6027082	20.6027082	688.199856	16.579636	4.639486
2017-06-16	0.14	17.5504164	17.5504164	484.33262	16.588322	3.881791
2017-06-17	0	16.71625	16.71625	355.761979	16.595351	3.466192
2017-06-18	0	19.7997918	19.7997918	632.827758	16.600715	4.195549
2017-06-19	0	22.8810416	22.8810416	750.781137	16.60441	5.15652
2017-06-20	0.32	23.8006252	23.8006252	616.970769	16.606431	5.389918
2017-06-21	0	20.2247916	20.2247916	750.403401	16.606777	4.647559
2017-06-22	12.64	21.620625	21.620625	584.825312	16.605448	5.621851
2017-06-23	0.06	20.5927562	20.5927562	532.888745	16.602446	5.019934
2017-06-24	0	20.5114286	20.5114286	687.370431	16.597775	4.854947
2017-06-25	0	19.876146	19.876146	441.848971	16.591442	4.65929
2017-06-26	0.12	17.5440666	17.5440666	393.985283	16.583454	4.233928
2017-06-27	0	17.5185416	17.5185416	455.985719	16.573822	4.157155
2017-06-28	0.2	19.5154168	19.5154168	448.130852	16.562556	4.536174
2017-06-29	2.52	17.0335416	17.0335416	242.472816	16.549671	3.907859
2017-06-30	0	18.0841664	18.0841664	483.623385	16.535181	3.966187
2017-07-01	1.2	16.7602082	16.7602082	389.915618	16.519104	3.730021
2017-07-02	0	16.7008332	16.7008332	349.241846	16.501457	3.648352
2017-07-03	0	18.9764582	18.9764582	568.740885	16.482261	3.845585
2017-07-04	0	18.778125	18.778125	535.242911	16.461538	4.106409
2017-07-05	0	19.01125	19.01125	480.512769	16.439309	3.964987
2017-07-06	0	22.4335418	22.4335418	565.681131	16.415599	4.730246
2017-07-07	0.04	23.4827084	23.4827084	585.074145	16.390433	5.183115
2017-07-08	0	22.2497918	22.2497918	597.799141	16.363837	4.861727
2017-07-09	0	21.8810418	21.8810418	483.789751	16.335838	4.689746
2017-07-10	27.92	20.0897918	20.0897918	354.433089	16.306464	4.525472
2017-07-11	0	17.6644444	17.6644444	461.321833	16.275745	4.375113
2017-07-12	6.72	16.9926764	16.9926764	296.472113	16.24371	3.782987
2017-07-13	0.02	15.9545834	15.9545834	532.329422	16.210389	3.293557
2017-07-14	2.18	16.605	16.605	519.482714	16.175812	3.533723
2017-07-15	1.14	16.8379168	16.8379168	460.04318	16.140012	3.428553
2017-07-16	0	19.3918752	19.3918752	359.279843	16.103018	3.829371
2017-07-17	0.58	18.717708	18.717708	268.052639	16.064864	3.859591
2017-07-18	0.02	20.9169046	20.9169046	634.17866	16.02558	4.173215
2017-07-19	5.84	23.2745834	23.2745834	637.375421	15.985199	5.053944
2017-07-20	0.58	21.793125	21.793125	481.692691	15.943753	4.873852
2017-07-21	0	22.0752082	22.0752082	515.584019	15.901274	4.667029
2017-07-22	0.28	21.7202084	21.7202084	461.844027	15.857793	4.783064
2017-07-23	0	18.9568752	18.9568752	544.95137	15.813343	4.411008
2017-07-24	4.58	17.2650898	17.2650898	247.686183	15.767954	3.548591
2017-07-25	0.4	16.6195832	16.6195832	185.980053	15.721657	3.089003
2017-07-26	4.18	15.9465476	15.9465476	115.959405	15.674485	3.147799
2017-07-27	0.32	18.0700002	18.0700002	309.685734	15.626465	3.629217
2017-07-28	0.38	18.7891666	18.7891666	498.042877	15.57763	3.74729
2017-07-29	0	21.2806248	21.2806248	420.231001	15.528007	4.353319
2017-07-30	0	24.773542	24.773542	580.736486	15.477627	5.110358
2017-07-31	0.1	23.6025966	23.6025966	552.273469	15.426516	4.961179
2017-08-01	5.82	22.9960416	22.9960416	547.157269	15.374704	5.020971
2017-08-02	0	22.6672916	22.6672916	453.766823	15.322217	4.71412
2017-08-03	2.98	22.2952082	22.2952082	376.751914	15.269082	4.893447
2017-08-04	0	22.3745832	22.3745832	403.362018	15.215325	4.49434
2017-08-05	0.92	19.5962412	19.5962412	385.378401	15.16097	4.106466
2017-08-06	0.04	17.145	17.145	503.183322	15.106044	3.504358
2017-08-07	0	18.7881252	18.7881252	540.138458	15.050568	3.84546
2017-08-08	0	21.448125	21.448125	535.797718	14.994568	4.401874
2017-08-09	1.12	22.2104166	22.2104166	601.471314	14.938066	4.332805
2017-08-10	40.92	17.2747916	17.2747916	151.995843	14.881082	3.556667
2017-08-11	7.12	15.470625	15.470625	131.53671	14.82364	3.135575
2017-08-12	1.06	15.3585414	15.3585414	321.904116	14.765758	3.092082
2017-08-13	0.76	17.2689582	17.2689582	213.677104	14.707458	3.373663
2017-08-14	0.24	18.9329168	18.9329168	541.110041	14.648758	3.721595
2017-08-15	0.02	22.2077084	22.2077084	523.481596	14.589676	4.479197
2017-08-16	11.92	19.7229166	19.7229166	432.588125	14.530232	4.051248
2017-08-17	0.68	20.9950002	20.9950002	370.322	14.470441	4.186307
2017-08-18	1.56	21.3052082	21.3052082	344.711323	14.410321	4.238829
2017-08-19	0	17.6325	17.6325	490.717868	14.349887	3.321396
2017-08-20	0.3	15.6764586	15.6764586	495.776189	14.289155	3.036927
2017-08-21	0	15.5129168	15.5129168	394.994503	14.22814	2.931289
2017-08-22	0	14.0677082	14.0677082	408.917444	14.166856	2.76661
2017-08-23	0	15.0872918	15.0872918	580.258068	14.105317	2.936345
2017-08-24	0	17.1852084	17.1852084	352.29823	14.043535	3.401892
2017-08-25	0.5	19.255	19.255	504.242443	13.981523	3.633877
2017-08-26	0.72	19.5547916	19.5547916	356.530767	13.919294	3.799394
2017-08-27	0	18.90625	18.90625	457.144575	13.856858	3.637898
2017-08-28	0	16.9393752	16.9393752	515.942556	13.794228	3.17392
2017-08-29	0	19.2204166	19.2204166	537.891063	13.731413	3.646929
2017-08-30	0	23.0947916	23.0947916	509.567867	13.668424	4.411993
2017-08-31	1.02	19.4295834	19.4295834	248.980229	13.60527	3.645561
2017-09-01	0	13.97625	13.97625	233.144498	13.541961	2.650225
2017-09-02	0.1	13.1679166	13.1679166	425.416182	13.478506	2.495478
2017-09-03	0.88	13.1691052	13.1691052	411.181491	13.414914	2.344009
2017-09-04	0	13.8858334	13.8858334	441.680335	13.351191	2.483047
2017-09-05	0	16.5435418	16.5435418	489.753683	13.287348	2.86072
2017-09-06	0.52	17.5056252	17.5056252	313.320013	13.22339	3.115149
2017-09-07	0.18	14.3225	14.3225	377.773604	13.159326	2.548001
2017-09-08	0	16.044375	16.044375	233.768581	13.095162	2.795995
2017-09-09	0	16.07	16.07	194.269713	13.030905	2.78473
2017-09-10	0	15.5631252	15.5631252	327.903257	12.966562	2.629174
2017-09-11	1.2	13.8841132	13.8841132	214.916174	12.902139	2.477605
2017-09-12	0.36	13.5114584	13.5114584	330.341673	12.837642	2.354617
2017-09-13	0.22	14.7954164	14.7954164	203.639374	12.773076	2.393944
2017-09-14	2.22	12.1683334	12.1683334	197.564577	12.708448	2.084616
2017-09-15	0.06	12.2933336	12.2933336	317.257558	12.643763	2.124518
2017-09-16	0.02	11.1797918	11.1797918	359.677234	12.579027	1.853722
2017-09-17	0.22	10.36875	10.36875	366.109037	12.514244	1.777504
2017-09-18	0.08	10.8183332	10.8183332	362.474867	12.449421	1.726773
2017-09-19	0.02	11.2966668	11.2966668	320.709355	12.384562	1.809666
2017-09-20	1.24	11.4368748	11.4368748	328.003586	12.319672	1.795402
2017-09-21	0.02	13.8641664	13.8641664	261.982584	12.254756	1.943687
2017-09-22	0.32	13.3627082	13.3627082	252.781292	12.189821	2.098814
2017-09-23	0	13.1835418	13.1835418	274.735462	12.124869	2.225767
2017-09-24	0.1	12.8735418	12.8735418	100.080013	12.059907	1.946661
2017-09-25	7.92	12.4451098	12.4451098	145.22896	11.99494	1.977996
2017-09-26	0.06	14.49375	14.49375	279.5017	11.929973	2.025075
2017-09-27	6.3	14.630625	14.630625	274.881785	11.86501	2.201934
2017-09-28	0.2	14.86625	14.86625	198.075727	11.800058	2.205849
2017-09-29	0	16.7158332	16.7158332	333.457681	11.735122	2.438645
2017-09-30	0.24	15.9604166	15.9604166	289.137911	11.670207	2.530805
2017-10-01	2.68	12.77875	12.77875	135.400152	11.605319	1.914581
2017-10-02	2.44	12.500625	12.500625	94.20445	11.540464	1.877948
2017-10-03	3.28	12.7879164	12.7879164	263.395414	11.475648	1.882795
2017-10-04	0	11.9843752	11.9843752	187.318297	11.410877	1.741842
2017-10-05	5.2	11.414375	11.414375	72.095296	11.346159	1.596542
2017-10-06	0.06	10.7141668	10.7141668	180.61271	11.281498	1.448499
2017-10-07	3.38	10.4927086	10.4927086	140.63363	11.216903	1.41773
2017-10-08	1.9	10.1299998	10.1299998	125.802227	11.152382	1.4293
2017-10-09	0.22	9.27375	9.27375	180.227435	11.08794	1.293763
2017-10-10	0.94	12.2722916	12.2722916	103.388682	11.023588	1.676632
2017-10-11	0.04	14.4772916	14.4772916	145.698034	10.959332	2.051984
2017-10-12	0	13.8039584	13.8039584	194.250209	10.895183	2.003533
2017-10-13	0	12.8820834	12.8820834	191.190356	10.831148	1.817615
2017-10-14	0	15.9772916	15.9772916	249.403245	10.767237	2.201846
2017-10-15	0	14.9264584	14.9264584	272.345573	10.703461	2.158693
2017-10-16	0	14.7372918	14.7372918	269.679981	10.63983	2.270359
2017-10-17	0	14.7028112	14.7028112	269.230678	10.576354	2.22659
2017-10-18	0	10.983718	10.983718	243.186661	10.513047	1.681356
2017-10-19	0	13.3995834	13.3995834	258.564274	10.449918	1.740874
2017-10-20	0	13.3479166	13.3479166	169.892272	10.386982	1.882118
2017-10-21	3.56	12.559375	12.559375	130.493028	10.324251	1.629799
2017-10-22	2	11.1972918	11.1972918	170.542673	10.261738	1.33083
2017-10-23	0	10.8883092	10.8883092	84.75927	10.199459	1.206549
2017-10-24	0.02	12.7242708	12.7242708	115.872444	10.137429	1.486341
2017-10-25	0.02	14.8560418	14.8560418	139.850729	10.075663	1.943765
2017-10-26	0	13.1627744	13.1627744	116.533761	10.014177	1.783472
2017-10-27	2.14	11.2174102	11.2174102	167.780319	9.952989	1.335989
2017-10-28	0.04	10.7002082	10.7002082	61.773328	9.892116	1.156976
2017-10-29	1.62	10.1731252	10.1731252	178.3516	9.831577	1.088541
2017-10-30	0	7.9320834	7.9320834	201.483273	9.771392	0.718493
2017-10-31	0.2	7.4441346	7.4441346	70.155854	9.71158	0.798423
2017-11-01	1.74	8.4608334	8.4608334	43.537418	9.652162	1.007739
2017-11-02	0.22	8.4068752	8.4068752	158.781578	9.59316	1.1513
2017-11-03	0	7.2360416	7.2360416	103.628049	9.534597	0.926455
2017-11-04	0	7.5073956	7.5073956	153.875561	9.476496	0.967902
2017-11-05	4.38	8.1283332	8.1283332	48.246259	9.418881	0.999496
2017-11-06	0	5.2906252	5.2906252	138.152833	9.361777	0.694656
2017-11-07	0	5.3088566	5.3088566	34.012607	9.305209	0.649528
2017-11-08	0	6.6036458	6.6036458	97.650918	9.249205	0.805947
2017-11-09	0	6.3726992	6.3726992	32.054898	9.193792	0.757696
2017-11-10	2.58	6.1202666	6.1202666	30.378674	9.138999	0.657606
2017-11-11	0.04	4.9422918	4.9422918	83.937525	9.084853	0.482223
2017-11-12	0.38	3.5815626	3.5815626	68.19873	9.031386	0.303385
2017-11-13	0.04	2.89031	2.89031	84.019828	8.978627	0.326537
2017-11-14	0.04	4.8739584	4.8739584	84.329933	8.926609	0.445156
2017-11-15	0	6.3662636	6.3662636	48.795923	8.875363	0.640332
2017-11-16	0	4.3925934	4.3925934	98.601035	8.824923	0.564027
2017-11-17	0.16	5.0007412	5.0007412	94.764956	8.775321	0.538672
2017-11-18	0.02	3.1441668	3.1441668	102.013817	8.726593	0.334829
2017-11-19	1.6	4.3689582	4.3689582	91.810772	8.678771	0.400229
2017-11-20	2.96	3.914375	3.914375	59.319375	8.631893	0.32489
2017-11-21	2.82	7.7377084	7.7377084	27.792684	8.585994	0.716281
2017-11-22	0.36	7.438333	7.438333	78.464528	8.541109	0.751717
2017-11-23	0.02	9.0172916	9.0172916	101.02312	8.497275	1.019393
2017-11-24	2.12	10.195	10.195	85.98387	8.454528	1.058462
2017-11-25	7.36	4.56125	4.56125	17.321845	8.412907	0.454423
2017-11-26	0.04	2.880625	2.880625	75.671899	8.372447	0.220657
2017-11-27	0.6	3.8285418	3.8285418	81.198471	8.333185	0.298077
2017-11-28	0	4.2937502	4.2937502	63.852079	8.295159	0.321058
2017-11-29	0.36	1.3400002	1.3400002	80.215568	8.258404	0.107585
2017-11-30	0.08	-0.6083332	-0.6083332	53.038312	8.222958	0.002241
2017-12-01	0.04	-1.3958332	-1.3958332	80.430332	8.188857	0.001973
2017-12-02	0.02	0.318125	0.318125	38.60958	8.156135	0.044735
2017-12-03	0.6	-0.4004166	-0.4004166	45.556276	8.124828	0
2017-12-04	1.32	2.8254168	2.8254168	56.633153	8.094969	0.229954
2017-12-05	0.28	5.3872916	5.3872916	20.081323	8.066593	0.430726
2017-12-06	0	5.6050002	5.6050002	49.447916	8.03973	0.430536
2017-12-07	0.16	5.2168748	5.2168748	105.50552	8.014413	0.387577
2017-12-08	0.32	3.28	3.28	96.280637	7.990671	0.295959
2017-12-09	0.04	0.8948356	0.8948356	49.9369	7.968533	0.018676
2017-12-10	2.86	0.2710414	0.2710414	66.997932	7.948025	0.030598
2017-12-11	2.86	4.5095832	4.5095832	25.785038	7.929174	0.429055
2017-12-12	0.02	4.270625	4.270625	86.508914	7.912003	0.319792
2017-12-13	0.02	2.3256248	2.3256248	96.065246	7.896534	0.147084
2017-12-14	1.52	3.2091666	3.2091666	50.026018	7.882787	0.246959
2017-12-15	2.26	0.16125	0.16125	69.447006	7.870781	0.036556
2017-12-16	0	0.8745832	0.8745832	71.893184	7.860531	0.015482
2017-12-17	0	1.4514584	1.4514584	60.827438	7.852051	0.064164
2017-12-18	0	0.4858332	0.4858332	81.142933	7.845354	0.044009
2017-12-19	0.74	1.8865196	1.8865196	33.53548	7.840448	0.116702
2017-12-20	0.12	3.778213	3.778213	32.798157	7.837341	0.279153
2017-12-21	0.5	5.954375	5.954375	8.837759	7.836037	0.460158
2017-12-22	0	5.0758334	5.0758334	35.66237	7.836539	0.391433
2017-12-23	0.04	7.0672918	7.0672918	36.049246	7.838848	0.487592
2017-12-24	0	8.6254166	8.6254166	38.102334	7.84296	0.685509
2017-12-25	0	5.92125	5.92125	39.433765	7.848872	0.525904
2017-12-26	0	4.5868748	4.5868748	83.586303	7.856575	0.460062
2017-12-27	0	2.032083	2.032083	56.307853	7.866061	0.244748
2017-12-28	0	2.2066668	2.2066668	45.996489	7.877319	0.166311
2017-12-29	0	1.12625	1.12625	89.156075	7.890333	0.079927
2017-12-30	0.46	4.2858332	4.2858332	35.205524	7.90509	0.352842
2017-12-31	0.14	10.4227084	10.4227084	25.080898	7.921569	0.968494
2018-01-01	2.02	7.5731252	7.5731252	96.456394	7.939752	0.578743
2018-01-02	0.32	4.233125	4.233125	53.419181	7.959616	0.260899
2018-01-03	9.3	6.0170832	6.0170832	67.021802	7.981138	0.424886
2018-01-04	0.8	6.294375	6.294375	50.67787	8.004293	0.463326
2018-01-05	0	7.4379166	7.4379166	65.331916	8.029052	0.603668
2018-01-06	0.02	5.20875	5.20875	71.757184	8.055389	0.453438
2018-01-07	1.98	2.2258334	2.2258334	24.005805	8.083273	0.125858
2018-01-08	0	-0.0677084	-0.0677084	86.28836	8.112673	0.023022
2018-01-09	0	1.649375	1.649375	46.092914	8.143556	0.385416
2018-01-10	0	2.8820834	2.8820834	101.375489	8.175891	0.254509
2018-01-11	0	0.5654168	0.5654168	64.348989	8.209642	0.076763
2018-01-12	0	2.1939584	2.1939584	20.524479	8.244774	0.194185
2018-01-13	0	0.9822918	0.9822918	38.080309	8.281254	0.046996
2018-01-14	0	-0.3589582	-0.3589582	117.203329	8.319044	0
2018-01-15	0	1.8527082	1.8527082	77.913169	8.358108	0.04876
2018-01-16	3.58	3.7091666	3.7091666	81.745935	8.398409	0.24447
2018-01-17	0.1	1.6924998	1.6924998	88.946781	8.439911	0.064625
2018-01-18	0.34	3.714375	3.714375	56.443929	8.482577	0.207485
2018-01-19	0	1.8235414	1.8235414	64.87657	8.526369	0.074039
2018-01-20	0.3	1.1454166	1.1454166	87.108203	8.571251	0.01096
2018-01-21	0	-0.03375	-0.03375	110.145118	8.617186	0.002818
2018-01-22	0.62	0.6783334	0.6783334	42.737798	8.664138	0.060762
2018-01-23	0.92	5.2308334	5.2308334	68.206247	8.71207	0.346324
2018-01-24	0	8.9958332	8.9958332	102.69138	8.760947	0.776493
2018-01-25	0.44	8.8557324	8.8557324	28.06344	8.810733	0.842633
2018-01-26	0.12	6.20625	6.20625	37.971303	8.861394	0.585989
2018-01-27	0	5.2297918	5.2297918	73.484231	8.912896	0.357608
2018-01-28	0	7.2068752	7.2068752	44.620231	8.965205	0.600445
2018-01-29	0.84	9.2195834	9.2195834	72.334747	9.018287	0.801948
2018-01-30	0	3.3353888	3.3353888	119.616756	9.072112	0.330498
2018-01-31	0.3	6.31625	6.31625	39.711116	9.126647	0.487215
2018-02-01	0.02	3.113125	3.113125	132.103078	9.181861	0.24823
2018-02-02	0	2.7018748	2.7018748	120.07093	9.237726	0.128829
2018-02-03	0.02	1.7870724	1.7870724	150.312594	9.29421	0.065483
2018-02-04	0.54	-1.55875	-1.55875	68.18837	9.351287	0
2018-02-05	0	-2.3485418	-2.3485418	127.802054	9.408928	0
2018-02-06	0	-3.90125	-3.90125	168.29072	9.467107	0
2018-02-07	0	-1.950625	-1.950625	189.81358	9.525798	0
2018-02-08	0	-2.6516668	-2.6516668	104.126341	9.584975	0
2018-02-09	0	-1.8666666	-1.8666666	159.748802	9.644616	0
2018-02-10	0	1.4147916	1.4147916	117.339183	9.704695	0.048064
2018-02-11	0	2.1060414	2.1060414	72.128874	9.765191	0.101335
2018-02-12	0	0.9291668	0.9291668	174.842024	9.826082	0.050718
2018-02-13	0	-0.42	-0.42	217.356076	9.887347	0
2018-02-14	0	-2.7058334	-2.7058334	235.549806	9.948965	0
2018-02-15	0.2	-0.695	-0.695	117.610024	10.010918	0.02794
2018-02-16	0	2.085625	2.085625	222.160401	10.073186	0.160169
2018-02-17	0	0.005	0.005	119.547704	10.135752	0.011043
2018-02-18	0	0.5472918	0.5472918	135.237307	10.198598	0.049173
2018-02-19	0	-0.7976098	-0.7976098	163.673095	10.261708	0
2018-02-20	0	-1.6070832	-1.6070832	180.817872	10.325067	0
2018-02-21	0	-1.7197916	-1.7197916	193.345135	10.388658	0
2018-02-22	0	-2.0885576	-2.0885576	193.942094	10.452468	0
2018-02-23	0	-3.585	-3.585	216.577561	10.516482	0
2018-02-24	0	-3.5849998	-3.5849998	226.590573	10.580687	0
2018-02-25	0	-5.2554166	-5.2554166	277.075893	10.645071	0
2018-02-26	0	-5.5893748	-5.5893748	201.888585	10.709622	0
2018-02-27	0	-6.871875	-6.871875	299.280077	10.774327	0
2018-02-28	0	-7.2795832	-7.2795832	251.6783	10.839175	0
2018-03-01	0	-6.029932	-6.029932	316.859933	10.904157	0
2018-03-02	0	-6.5820834	-6.5820834	311.304538	10.969261	0
2018-03-03	0	-5.72875	-5.72875	287.730873	11.034479	0
2018-03-04	0	0.02375	0.02375	284.441639	11.0998	0
2018-03-05	0.3	3.2059058	3.2059058	296.649185	11.165215	0.303233
2018-03-06	6.44	-0.8902082	-0.8902082	182.874435	11.230718	0
2018-03-07	2.82	1.8578044	1.8578044	225.19431	11.296298	0.204194
2018-03-08	0.48	4.6340624	4.6340624	273.633788	11.361948	0.547672
2018-03-09	0	3.737444	3.737444	315.423474	11.42766	0.459398
2018-03-10	0.62	7.4158814	7.4158814	225.469976	11.493428	0.940883
2018-03-11	0	10.0206248	10.0206248	335.486717	11.559244	1.257639
2018-03-12	8.16	8.6841666	8.6841666	65.613694	11.625102	0.943745
2018-03-13	0.5	6.4433332	6.4433332	242.311569	11.690994	0.916907
2018-03-14	0.32	3.5141668	3.5141668	186.446699	11.756914	0.391344
2018-03-15	0	3.8149998	3.8149998	280.572402	11.822857	0.397878
2018-03-16	5.74	0.73375	0.73375	77.187526	11.888816	0.060636
2018-03-17	0.96	-3.1535878	-3.1535878	158.323918	11.954784	0
2018-03-18	0	-3.0110418	-3.0110418	350.643727	12.020757	0
2018-03-19	0	-1.1866666	-1.1866666	446.701598	12.086729	0
2018-03-20	1.28	-0.085	-0.085	180.581456	12.152694	0
2018-03-21	0	0.9833332	0.9833332	432.831438	12.218646	0
2018-03-22	0.38	3.3420832	3.3420832	173.893498	12.284579	0.062243
2018-03-23	0	5.1210418	5.1210418	206.090178	12.350489	0.295491
2018-03-24	0	5.3991668	5.3991668	282.644251	12.416369	0.34836
2018-03-25	0	5.6447686	5.6447686	369.155714	12.482214	0.415535
2018-03-26	1.64	6.372581	6.372581	197.705298	12.548019	0.432647
2018-03-27	0.02	5.4728936	5.4728936	327.69729	12.613776	0.357737
2018-03-28	3.24	6.8609288	6.8609288	83.165613	12.679482	0.650336
2018-03-29	0.28	6.0868804	6.0868804	339.58769	12.745129	0.715951
2018-03-30	0	7.1788704	7.1788704	392.557636	12.810712	0.700424
2018-03-31	1.42	6.435474	6.435474	94.636242	12.876225	0.40258
2018-04-01	0	6.7894468	6.7894468	300.310735	12.941661	0.388353
2018-04-02	0	8.6663034	8.6663034	322.594281	13.007013	0.720038
2018-04-03	0.3	12.229651	12.229651	458.21524	13.072275	1.885076
2018-04-04	0.52	12.6428232	12.6428232	445.04945	13.13744	2.068945
2018-04-05	0.26	9.6769714	9.6769714	393.972467	13.2025	1.342117
2018-04-06	0	7.7290364	7.7290364	537.605372	13.267449	0.795285
2018-04-07	0	10.9550538	10.9550538	547.146912	13.332278	1.507012
2018-04-08	0	11.2122288	11.2122288	535.928012	13.396979	1.813466
2018-04-09	0	12.117166	12.117166	539.417023	13.461544	1.843289
2018-04-10	0	14.3374926	14.3374926	533.03633	13.525964	2.213904
2018-04-11	1.28	13.4538506	13.4538506	416.818577	13.59023	2.058552
2018-04-12	4.02	14.9508336	14.9508336	459.945958	13.654332	2.470277
2018-04-13	2.7	12.7382292	12.7382292	351.270534	13.718261	2.341493
2018-04-14	2.52	13.8020834	13.8020834	421.021188	13.782007	2.218599
2018-04-15	0	13.5503126	13.5503126	529.092962	13.845558	2.261671
2018-04-16	5.64	13.1497916	13.1497916	209.149859	13.908903	2.070144
2018-04-17	0	13.2432902	13.2432902	440.034702	13.972031	2.111204
2018-04-18	0	15.275368	15.275368	586.440611	14.03493	2.523702
2018-04-19	0	15.2458332	15.2458332	597.342737	14.097587	2.874591
2018-04-20	0	16.6577084	16.6577084	597.029196	14.159989	3.26842
2018-04-21	0	15.30625	15.30625	585.276272	14.222121	2.842099
2018-04-22	0	16.1075	16.1075	558.191032	14.283971	3.088108
2018-04-23	8.38	14.7268748	14.7268748	420.123147	14.345522	2.964998
2018-04-24	0	12.7706718	12.7706718	410.904357	14.40676	2.295736
2018-04-25	0.02	13.2170834	13.2170834	472.904315	14.467668	2.387
2018-04-26	1.18	9.6858336	9.6858336	564.157929	14.52823	1.666576
2018-04-27	0	10.6272916	10.6272916	520.271215	14.588429	1.76985
2018-04-28	0	13.7641668	13.7641668	578.085846	14.648246	2.396639
2018-04-29	0.4	16.5193442	16.5193442	597.523537	14.707663	2.807775
2018-04-30	0	15.1741668	15.1741668	527.897728	14.766661	2.762473
2018-05-01	0	11.3340284	11.3340284	520.225689	14.82522	1.853972
2018-05-02	0	9.4154168	9.4154168	496.66106	14.883319	1.752041
2018-05-03	0	12.4935998	12.4935998	544.315726	14.940937	2.286491
2018-05-04	0	12.8979168	12.8979168	599.361169	14.998053	2.223083
2018-05-05	0	13.4963886	13.4963886	669.578074	15.054642	2.202703
2018-05-06	0	15.0979648	15.0979648	670.660466	15.110683	2.558212
2018-05-07	0	16.3805072	16.3805072	684.051778	15.166151	2.930036
2018-05-08	0	17.2608578	17.2608578	676.535659	15.221022	3.34887
2018-05-09	0	17.9231264	17.9231264	559.771773	15.27527	3.454272
2018-05-10	0	17.5971668	17.5971668	574.892629	15.32887	3.457241
2018-05-11	0	15.1643748	15.1643748	342.402248	15.381794	2.702806
2018-05-12	0	16.1534016	16.1534016	482.890989	15.434015	3.294447
2018-05-13	0	17.652292	17.652292	642.097106	15.485507	3.948549
2018-05-14	0	16.7797948	16.7797948	691.558647	15.53624	3.775531
2018-05-15	4.06	14.9382646	14.9382646	565.831756	15.586186	3.073611
2018-05-16	0.08	14.4083334	14.4083334	401.903009	15.635314	2.724649
2018-05-17	0	13.3833334	13.3833334	513.440252	15.683596	2.770917
2018-05-18	0	11.9658334	11.9658334	335.161896	15.731001	2.151508
2018-05-19	0	13.6722918	13.6722918	491.046007	15.777498	2.696692
2018-05-20	0	15.3688056	15.3688056	725.177869	15.823056	3.126041
2018-05-21	0	16.7675	16.7675	723.36272	15.867644	3.425791
2018-05-22	0	16.9172916	16.9172916	628.384299	15.91123	3.618983
2018-05-23	0	19.1458332	19.1458332	586.917895	15.953782	3.936246
2018-05-24	3.34	17.8827926	17.8827926	408.680565	15.995268	4.061828
2018-05-25	0	20.1816668	20.1816668	584.523836	16.035657	4.22063
2018-05-26	0	20.4833332	20.4833332	645.886225	16.074917	4.238457
2018-05-27	0	20.0450002	20.0450002	641.200853	16.113015	4.373143
2018-05-28	0	22.6360416	22.6360416	649.533419	16.14992	5.088194
2018-05-29	0	23.7045834	23.7045834	669.974126	16.1856	5.398297
2018-05-30	0	22.2710418	22.2710418	604.410452	16.220024	4.820893
2018-05-31	0	22.4883334	22.4883334	660.69547	16.253163	5.133631
2018-06-01	11.36	20.3893964	20.3893964	534.942052	16.284984	4.822655
2018-06-02	0.06	19.4831252	19.4831252	435.132107	16.31546	4.298881
2018-06-03	0	19.3675002	19.3675002	532.575336	16.344561	4.33616
2018-06-04	0	20.84625	20.84625	569.35624	16.372259	4.419508
2018-06-05	0	18.733125	18.733125	591.318796	16.398526	4.088061
2018-06-06	0	19.7391668	19.7391668	642.80196	16.423338	4.346002
2018-06-07	0	21.1823026	21.1823026	626.240526	16.446668	4.869419
2018-06-08	0	22.890855	22.890855	693.490392	16.468492	5.312047
2018-06-09	0	23.7716774	23.7716774	638.351816	16.488788	5.472275
2018-06-10	1.06	21.6534638	21.6534638	486.730665	16.507535	4.895354
2018-06-11	0	20.6014644	20.6014644	490.211507	16.524713	4.307657
2018-06-12	0	18.3792544	18.3792544	578.830529	16.540302	3.71658
2018-06-13	0	16.2496874	16.2496874	267.770711	16.554288	3.135937
2018-06-14	0	19.2331252	19.2331252	656.546083	16.566653	3.569999
2018-06-15	0	19.228865	19.228865	251.924204	16.577385	3.660388
2018-06-16	0	21.5512716	21.5512716	471.308415	16.586472	4.413964
2018-06-17	0	20.3118518	20.3118518	555.723382	16.593905	4.42136
2018-06-18	0	20.071807	20.071807	388.764711	16.599675	4.073254
2018-06-19	0	20.5094708	20.5094708	394.627021	16.603776	4.449282
2018-06-20	0	22.7677594	22.7677594	467.537093	16.606204	4.902421
2018-06-21	0.78	19.0402146	19.0402146	563.792636	16.606957	4.02033
2018-06-22	1.64	14.9972532	14.9972532	377.525661	16.606035	2.535066
2018-06-23	0.28	14.8478336	14.8478336	210.464004	16.603439	2.525533
2018-06-24	0.66	15.5915388	15.5915388	231.519712	16.599173	2.685572
2018-06-25	0.82	17.9781606	17.9781606	454.123112	16.593242	3.344637
2018-06-26	0	19.7031158	19.7031158	479.596262	16.585655	3.944344
2018-06-27	0	19.2732796	19.2732796	501.325379	16.576421	3.924014
2018-06-28	0	21.7817764	21.7817764	457.631917	16.56555	4.516387
2018-06-29	0	24.1429816	24.1429816	733.606706	16.553057	5.0796
2018-06-30	0	19.6056454	19.6056454	768.585203	16.538954	3.943881
2018-07-01	0	18.5206006	18.5206006	702.371845	16.52326	3.552942
2018-07-02	0	18.7955558	18.7955558	770.364988	16.505993	3.653627
2018-07-03	0	21.3317612	21.3317612	772.554634	16.487171	4.356372
2018-07-04	0	23.6033832	23.6033832	745.153216	16.466815	5.274687
2018-07-05	0.32	23.5710468	23.5710468	627.159202	16.444949	5.415408
2018-07-06	0	20.366002	20.366002	458.239291	16.421595	4.393507
2018-07-07	0	20.6138738	20.6138738	748.134805	16.39678	4.14333
2018-07-08	0	21.164454	21.164454	422.594687	16.370527	4.178641
2018-07-09	0	21.1623262	21.1623262	649.669091	16.342866	4.316834
2018-07-10	2.06	17.5862396	17.5862396	328.116384	16.313823	3.422282
2018-07-11	0.4	17.6153616	17.6153616	493.714143	16.283427	3.432282
2018-07-12	0.8	20.001567	20.001567	339.220585	16.251707	3.675075
2018-07-13	0	22.8794388	22.8794388	642.329929	16.218694	4.555032
2018-07-14	0	21.8941858	21.8941858	699.110127	16.184419	4.443852
2018-07-15	0	22.354141	22.354141	634.581878	16.148911	4.42402
2018-07-16	0	22.959513	22.959513	642.373313	16.112203	4.705173
2018-07-17	0	25.1869684	25.1869684	646.747443	16.074326	5.177832
2018-07-18	0	23.5056736	23.5056736	692.710742	16.035313	4.88551
2018-07-19	0	22.928337	22.928337	634.240527	15.995194	4.634787
2018-07-20	0	24.0489604	24.0489604	556.12781	15.954002	4.901324
2018-07-21	0	23.3289582	23.3289582	455.732824	15.91177	5.1917
2018-07-22	0.88	22.1527102	22.1527102	390.333819	15.868528	4.556148
2018-07-23	0	23.8635454	23.8635454	524.055217	15.824309	4.830513
2018-07-24	0	25.765731	25.765731	692.99286	15.779144	5.379586
2018-07-25	0	27.1912536	27.1912536	633.660478	15.733063	5.964473
2018-07-26	0	26.9457312	26.9457312	678.44066	15.686099	6.020723
2018-07-27	0	25.3483334	25.3483334	545.886913	15.638281	5.660709
2018-07-28	4.64	24.7260418	24.7260418	564.66684	15.58964	5.551888
2018-07-29	0	24.750625	24.750625	545.420575	15.540205	5.314884
2018-07-30	0	27.467954	27.467954	578.87636	15.490004	6.442328
2018-07-31	0	28.1387676	28.1387676	546.998751	15.439067	6.9988
2018-08-01	0	25.3833334	25.3833334	549.039921	15.387421	6.119737
2018-08-02	0.28	25.6585454	25.6585454	493.464388	15.335094	5.351925
2018-08-03	0	27.6754166	27.6754166	606.123303	15.282113	5.84811
2018-08-04	0	27.885625	27.885625	502.239874	15.228503	6.0483
2018-08-05	3.16	21.7160414	21.7160414	548.191989	15.17429	4.806764
2018-08-06	0	22.234375	22.234375	663.083242	15.119499	4.790881
2018-08-07	0	27.3219944	27.3219944	551.059691	15.064153	6.077945
2018-08-08	0	28.4902084	28.4902084	542.916936	15.008277	6.213229
2018-08-09	0	27.2635418	27.2635418	569.833432	14.951893	6.044196
2018-08-10	0	21.585	21.585	525.778914	14.895024	4.418374
2018-08-11	0	19.13125	19.13125	523.120506	14.837689	3.988322
2018-08-12	0	19.5700002	19.5700002	625.949734	14.779911	4.074123
2018-08-13	0.12	20.7133332	20.7133332	465.12281	14.72171	4.462547
2018-08-14	0.12	19.65875	19.65875	462.798393	14.663104	4.040718
2018-08-15	0	19.3291666	19.3291666	379.318953	14.604112	3.987196
2018-08-16	0	21.8702084	21.8702084	581.736007	14.544753	4.600467
2018-08-17	0.32	23.751875	23.751875	542.193871	14.485043	4.783371
2018-08-18	0	21.5375002	21.5375002	341.526513	14.425	4.194145
2018-08-19	0	23.0120834	23.0120834	578.944817	14.36464	4.554205
2018-08-20	0	21.7317632	21.7317632	304.581769	14.303978	4.284651
2018-08-21	0.12	20.7077082	20.7077082	314.32905	14.24303	3.888969
2018-08-22	0	21.8989582	21.8989582	522.183553	14.181809	4.304772
2018-08-23	0.04	23.4469642	23.4469642	500.634274	14.120329	5.071995
2018-08-24	0.48	18.88625	18.88625	335.137622	14.058603	3.898745
2018-08-25	0	15.604704	15.604704	371.693153	13.996645	2.921596
2018-08-26	0	14.9022916	14.9022916	414.216521	13.934467	2.677444
2018-08-27	0	18.0075	18.0075	150.630491	13.87208	3.077597
2018-08-28	0	18.1464582	18.1464582	421.824564	13.809494	3.325745
2018-08-29	0	19.9579168	19.9579168	546.463817	13.746722	3.934164
2018-08-30	3.18	17.2185418	17.2185418	246.630507	13.683774	3.304853
2018-08-31	0	15.345	15.345	438.703551	13.620658	2.766193
2018-09-01	0	16.3064582	16.3064582	371.008891	13.557385	2.813329
2018-09-02	2.42	15.4953728	15.4953728	77.938701	13.493964	2.720803
2018-09-03	0	18.9845834	18.9845834	316.081946	13.430403	3.451229
2018-09-04	0	20.72375	20.72375	390.297117	13.366711	3.574692
2018-09-05	0	18.5310418	18.5310418	342.72983	13.302895	3.364346
2018-09-06	0.04	20.0293598	20.0293598	383.552284	13.238963	3.502028
2018-09-07	2.36	18.7633334	18.7633334	386.333681	13.174924	3.252988
2018-09-08	0	15.8672916	15.8672916	489.996944	13.110782	2.80033
2018-09-09	0	17.179375	17.179375	403.248818	13.046547	3.031097
2018-09-10	0	19.0575	19.0575	333.006478	12.982223	3.231223
2018-09-11	0	21.6172918	21.6172918	429.457311	12.917818	3.55545
2018-09-12	0	21.73	21.73	452.356729	12.853337	3.733671
2018-09-13	0	15.6010416	15.6010416	128.247761	12.788787	2.427413
2018-09-14	0.1	15.4629168	15.4629168	163.602392	12.724173	2.502532
2018-09-15	0	16.3027524	16.3027524	301.086917	12.6595	2.63009
2018-09-16	0	15.4170834	15.4170834	426.03349	12.594775	2.630572
2018-09-17	0	17.800625	17.800625	427.978489	12.530002	2.947437
2018-09-18	0	21.003125	21.003125	427.215433	12.465188	3.553349
2018-09-19	0	23.3289584	23.3289584	391.579831	12.400336	3.879373
2018-09-20	0	22.1272916	22.1272916	381.903539	12.335452	3.891317
2018-09-21	0.6	19.1935416	19.1935416	264.43789	12.270542	3.337934
2018-09-22	0	13.9419142	13.9419142	283.135235	12.20561	2.217476
2018-09-23	17.2	10.9153332	10.9153332	40.025224	12.140661	1.549822
2018-09-24	3.36	10.2913542	10.2913542	349.819924	12.0757	1.307075
2018-09-25	0	10.0078126	10.0078126	337.664679	12.010733	1.191548
2018-09-26	0	11.8964584	11.8964584	333.198099	11.945765	1.459998
2018-09-27	0	16.2810416	16.2810416	267.964591	11.8808	2.257019
2018-09-28	0	11.5922916	11.5922916	223.758519	11.815844	1.71833
2018-09-29	0	9.6212502	9.6212502	353.113988	11.750902	1.187887
2018-09-30	0	10.3484372	10.3484372	371.82489	11.685981	1.379467
2018-10-01	1.24	9.6665622	9.6665622	233.193084	11.621085	1.073362
2018-10-02	0.02	8.4318796	8.4318796	133.706065	11.556221	0.938604
2018-10-03	0.02	11.5454168	11.5454168	236.061429	11.491394	1.539687
2018-10-04	0	11.11	11.11	206.792801	11.426611	1.512074
2018-10-05	0	12.1495834	12.1495834	334.685907	11.361878	1.670104
2018-10-06	0	15.9345834	15.9345834	313.384507	11.297201	2.28696
2018-10-07	0	10.3920832	10.3920832	185.418374	11.232589	1.641426
2018-10-08	0	8.4235524	8.4235524	284.437507	11.168048	1.390899
2018-10-09	0	11.8508332	11.8508332	256.635918	11.103586	1.667787
2018-10-10	0	14.0700002	14.0700002	300.548539	11.03921	1.935656
2018-10-11	0	14.1533334	14.1533334	310.86145	10.974929	2.105068
2018-10-12	0	15.5935416	15.5935416	280.068664	10.910752	2.335005
2018-10-13	0	15.648125	15.648125	287.399134	10.846687	2.348225
2018-10-14	0	14.6493748	14.6493748	286.852124	10.782745	2.119074
2018-10-15	0	14.8366664	14.8366664	277.118267	10.718934	2.076576
2018-10-16	0	12.194375	12.194375	235.557169	10.655265	1.84252
2018-10-17	0	12.5335418	12.5335418	259.024007	10.59175	1.812073
2018-10-18	0	11.4870834	11.4870834	189.344185	10.5284	1.484157
2018-10-19	0	10.3491666	10.3491666	144.186912	10.465225	1.310241
2018-10-20	0	9.8825	9.8825	162.990839	10.40224	1.125965
2018-10-21	0	9.7977086	9.7977086	170.712721	10.339457	1.231549
2018-10-22	1.42	7.2547914	7.2547914	48.60679	10.276889	0.9144
2018-10-23	0.02	8.2908334	8.2908334	54.261945	10.214551	0.963971
2018-10-24	3.84	10.726875	10.726875	92.462173	10.152457	1.240704
2018-10-25	0.08	11.9447916	11.9447916	73.810156	10.090624	1.386782
2018-10-26	0.48	10.5258334	10.5258334	131.897924	10.029067	1.232198
2018-10-27	0	7.4518752	7.4518752	117.023605	9.967804	0.849184
2018-10-28	1.08	4.2491666	4.2491666	50.080042	9.906851	0.486266
2018-10-29	0.28	4.0168748	4.0168748	34.50549	9.846228	0.329262
2018-10-30	0.1	8.4745834	8.4745834	182.611327	9.785954	1.083703
2018-10-31	0	7.740625	7.740625	200.262264	9.726048	0.843522
2018-11-01	0	5.4850132	5.4850132	160.911178	9.666531	0.726528
2018-11-02	0	8.2045834	8.2045834	170.770899	9.607425	0.890756
2018-11-03	0	7.4433334	7.4433334	52.162911	9.548752	0.672046
2018-11-04	0	9.1943752	9.1943752	104.038949	9.490535	0.967832
2018-11-05	0	8.4429166	8.4429166	135.861014	9.432798	1.065278
2018-11-06	0	9.106667	9.106667	179.098064	9.375565	1.125947
2018-11-07	0	7.4927084	7.4927084	173.140006	9.318863	1.001
2018-11-08	0	10.4827084	10.4827084	117.604115	9.262718	0.984852
2018-11-09	0	7.4014584	7.4014584	83.975073	9.207158	0.868116
2018-11-10	0	7.8420832	7.8420832	151.019052	9.152209	0.938514
2018-11-11	1.9	10.3977084	10.3977084	111.959905	9.097901	1.12595
2018-11-12	0	12.9652082	12.9652082	138.08112	9.044265	1.433229
2018-11-13	2.98	10.7316666	10.7316666	85.032764	8.991329	1.157583
2018-11-14	0	6.4160416	6.4160416	146.757502	8.939127	0.698778
2018-11-15	0	4.0835416	4.0835416	140.652294	8.887688	0.471945
2018-11-16	0	2.1179168	2.1179168	153.854852	8.837047	0.289484
2018-11-17	0.02	0.2685416	0.2685416	148.504931	8.787237	0.148652
2018-11-18	1.24	-0.9554168	-0.9554168	132.46727	8.738291	0.005424
2018-11-19	0.84	2.7502082	2.7502082	55.981997	8.690244	0.131325
2018-11-20	0.98	1.2727778	1.2727778	60.69148	8.643131	0.056835
2018-11-21	0	0.8689394	0.8689394	46.718488	8.596989	0.061375
2018-11-22	0.08	1.5745834	1.5745834	56.002285	8.551852	0.11252
2018-11-23	0	2.4879166	2.4879166	122.581698	8.507757	0.155395
2018-11-24	0	1.361875	1.361875	43.406475	8.464741	0.105641
2018-11-25	0	4.8802084	4.8802084	91.523501	8.42284	0.357836
2018-11-26	0	3.08875	3.08875	19.613141	8.382092	0.217699
2018-11-27	0	-1.4179164	-1.4179164	79.180429	8.342534	0
2018-11-28	0	-1.51125	-1.51125	109.746622	8.304202	0
2018-11-29	0	2.5839582	2.5839582	98.632472	8.267133	0.109941
2018-11-30	2.3	3.2104166	3.2104166	26.827954	8.231364	0.18136
2018-12-01	0.02	5.8058332	5.8058332	65.847055	8.19693	0.362781
2018-12-02	1.74	8.19625	8.19625	11.299332	8.163867	0.652497
2018-12-03	1.74	10.9047914	10.9047914	70.941628	8.132211	0.952422
2018-12-04	1.74	5.7895746	5.7895746	94.346355	8.101995	0.493848
2018-12-05	0	1.523125	1.523125	107.112815	8.073254	0.095372
2018-12-06	0.16	6.30125	6.30125	43.754733	8.046018	0.463867
2018-12-07	2.46	10.9266666	10.9266666	12.255398	8.020321	0.898207
2018-12-08	0.78	6.8708332	6.8708332	76.129107	7.996191	0.496726
2018-12-09	0.8	7.0735416	7.0735416	39.86266	7.973659	0.531337
2018-12-10	0.22	4	4	87.564351	7.952751	0.245745
2018-12-11	0.48	3.7010416	3.7010416	37.428306	7.933493	0.210093
2018-12-12	0.82	1.8762502	1.8762502	49.00371	7.915909	0.108094
2018-12-13	0	0.3152082	0.3152082	58.236727	7.900023	0.023743
2018-12-14	0	0.136875	0.136875	59.595787	7.885854	0
2018-12-15	0	-0.9908334	-0.9908334	52.274151	7.873421	0
2018-12-16	0	-0.5556248	-0.5556248	63.749331	7.862741	0
2018-12-17	0	2.586875	2.586875	47.627847	7.853828	0.114772
2018-12-18	0	3.4935636	3.4935636	59.362079	7.846695	0.220071
2018-12-19	0.2	1.1127084	1.1127084	31.163929	7.841352	0.118068
2018-12-20	0	4.615	4.615	55.161	7.837805	0.283695
2018-12-21	4.74	7.8377172	7.8377172	15.720993	7.836062	0.581929
2018-12-22	5.62	7.4533334	7.4533334	23.140947	7.836124	0.614797
2018-12-23	7.8	6.1827082	6.1827082	46.858745	7.837992	0.485275
2018-12-24	1.7	2.7045832	2.7045832	27.783846	7.841665	0.159167
2018-12-25	0	3.6554518	3.6554518	42.002388	7.847139	0.236558
2018-12-26	0.12	3.826804	3.826804	12.746326	7.854407	0.222214
2018-12-27	0.02	4.4993684	4.4993684	72.064962	7.86346	0.357515
2018-12-28	0	3.0972918	3.0972918	33.912119	7.874287	0.253439
2018-12-29	1.92	4.3197916	4.3197916	30.694573	7.886875	0.287699
2018-12-30	0.42	6.3591798	6.3591798	48.310369	7.901209	0.459512
2018-12-31	0.5	6.4843748	6.4843748	21.342755	7.917271	0.483972
2019-01-01	0.72	6.2144934	6.2144934	16.423371	7.935041	0.449508
2019-01-02	0	2.0391666	2.0391666	94.193335	7.954499	0.123171
2019-01-03	0	-0.1420834	-0.1420834	90.389069	7.97562	0
2019-01-04	0.12	1.6435418	1.6435418	21.801698	7.99838	0.096907
2019-01-05	5.08	5.9229516	5.9229516	10.839262	8.022752	0.451482
2019-01-06	1.36	3.7566668	3.7566668	29.708787	8.048708	0.244242
2019-01-07	1.42	5.073125	5.073125	25.613184	8.076218	0.342007
2019-01-08	2.92	4.8112502	4.8112502	47.647776	8.105253	0.345069
2019-01-09	3.06	0.7925	0.7925	24.606183	8.135779	0.056689
2019-01-10	0.2	0.135625	0.135625	55.546036	8.167764	0
2019-01-11	0.58	1.192568	1.192568	24.543994	8.201174	0.023686
2019-01-12	0.64	4.7109802	4.7109802	32.398227	8.235975	0.270223
2019-01-13	3.1	6.1431382	6.1431382	18.557329	8.272131	0.417904
2019-01-14	0.9	2.4535832	2.4535832	96.867914	8.309606	0.157813
2019-01-15	0	3.430909	3.430909	49.196266	8.348365	0.232404
2019-01-16	0	4.6658334	4.6658334	52.96217	8.38837	0.38188
2019-01-17	0.86	4.7888426	4.7888426	86.107368	8.429584	0.322601
2019-01-18	0.02	-0.7170612	-0.7170612	114.081879	8.471971	0
2019-01-19	0	-3.421943	-3.421943	107.181725	8.515494	0
2019-01-20	0	-6.803386	-6.803386	134.669851	8.560116	0
2019-01-21	0	-4.5670012	-4.5670012	105.786029	8.605799	0
2019-01-22	0	-4.2158772	-4.2158772	139.719773	8.652508	0
2019-01-23	0	-5.266875	-5.266875	129.788845	8.700207	0
2019-01-24	0	-3.3176086	-3.3176086	88.010348	8.748859	0
2019-01-25	0	-2.9842106	-2.9842106	72.681896	8.798429	0
2019-01-26	5.92	2.1670834	2.1670834	16.018157	8.848882	0.178944
2019-01-27	0.1	3.9458004	3.9458004	106.258014	8.900184	0.336103
2019-01-28	0.16	2.193329	2.193329	111.666693	8.952301	0.154509
2019-01-29	0.02	0.706081	0.706081	113.539341	9.0052	0.004761
2019-01-30	0	-0.1920974	-0.1920974	132.08929	9.058849	0
2019-01-31	0	0.4411624	0.4411624	166.436066	9.113215	0.012024
2019-02-01	0.1	0.0152084	0.0152084	90.567055	9.168269	0.007222
2019-02-02	0.5	0.3106252	0.3106252	55.784315	9.22398	0.007283
2019-02-03	0	0.5991666	0.5991666	46.222819	9.280318	0.016127
2019-02-04	0	1.6039538	1.6039538	176.212742	9.337255	0.059818
2019-02-05	0	1.8630548	1.8630548	96.272518	9.394763	0.112519
2019-02-06	0	1.3698992	1.3698992	137.587368	9.452816	0.128238
2019-02-07	0	2.2050336	2.2050336	114.397208	9.511386	0.158105
2019-02-08	0	5.4002084	5.4002084	179.260785	9.57045	0.431532
2019-02-09	0.02	7.6516666	7.6516666	182.515256	9.629982	0.692917
2019-02-10	0.62	7.0941668	7.0941668	47.352668	9.689958	0.661792
2019-02-11	0.68	4.175656	4.175656	135.981644	9.750357	0.357532
2019-02-12	0.88	3.3233334	3.3233334	144.016445	9.811156	0.251712
2019-02-13	0	5.0495834	5.0495834	64.938918	9.872334	0.440122
2019-02-14	0	4.3308332	4.3308332	218.550494	9.93387	0.482906
2019-02-15	0	3.9266668	3.9266668	235.072088	9.995745	0.434204
2019-02-16	0	5.6683334	5.6683334	243.229297	10.05794	0.683632
2019-02-17	0	4.8537498	4.8537498	242.201296	10.120438	0.652989
2019-02-18	0	6.0329168	6.0329168	252.036599	10.183219	0.719081
2019-02-19	0	5.0956248	5.0956248	170.023634	10.246269	0.700981
2019-02-20	0	6.3156252	6.3156252	173.692459	10.30957	0.622532
2019-02-21	0	7.8437986	7.8437986	152.808573	10.373108	0.801256
2019-02-22	0.12	3.6787498	3.6787498	68.818549	10.436868	0.479602
2019-02-23	0	-0.891458	-0.891458	264.356399	10.500836	0.013537
2019-02-24	0	2.3802084	2.3802084	273.986068	10.564998	0.202107
2019-02-25	0	5.2647918	5.2647918	283.441773	10.629342	0.486949
2019-02-26	0	6.2836314	6.2836314	286.535864	10.693855	0.555614
2019-02-27	0	7.44625	7.44625	296.793695	10.758526	0.745478
2019-02-28	0	9.571875	9.571875	279.755703	10.823343	1.084993
2019-03-01	0.06	7.5629166	7.5629166	149.021078	10.888295	0.849606
2019-03-02	0.02	4.9882544	4.9882544	124.3601	10.953373	0.561209
2019-03-03	0.02	10.2410416	10.2410416	88.762212	11.018566	1.112959
2019-03-04	2.54	9.6260416	9.6260416	240.973705	11.083864	1.163459
2019-03-05	0	5.5623006	5.5623006	210.768767	11.14926	0.621351
2019-03-06	0	7.8302084	7.8302084	196.644029	11.214744	0.780311
2019-03-07	0.1	10.9237502	10.9237502	250.709446	11.280308	1.313774
2019-03-08	0.08	7.7022914	7.7022914	258.527897	11.345944	0.907327
2019-03-09	3.34	8.3122916	8.3122916	200.910977	11.411645	0.877946
2019-03-10	5.3	6.1802084	6.1802084	90.072538	11.477402	0.718418
2019-03-11	1.94	3.78	3.78	262.818695	11.543209	0.334931
2019-03-12	0.02	6.1320832	6.1320832	284.267095	11.609059	0.621272
2019-03-13	0	6.9285416	6.9285416	294.388995	11.674946	0.776798
2019-03-14	1.88	6.0020834	6.0020834	143.664372	11.740862	0.609816
2019-03-15	0.52	7.766875	7.766875	112.667387	11.806802	0.859061
2019-03-16	0.94	7.90875	7.90875	77.079561	11.87276	0.92158
2019-03-17	0.78	6.9589586	6.9589586	221.507898	11.938729	1.028445
2019-03-18	0.02	5.3564584	5.3564584	344.231331	12.004704	0.564402
2019-03-19	0.52	3.9102084	3.9102084	315.540571	12.070678	0.433115
2019-03-20	0	6.3179166	6.3179166	405.660247	12.136647	0.582322
2019-03-21	0	9.6158334	9.6158334	376.755344	12.202605	1.187604
2019-03-22	0	9.5104166	9.5104166	402.372465	12.268546	1.381208
2019-03-23	0	9.0862502	9.0862502	422.318116	12.334464	1.542141
2019-03-24	0	6.3282588	6.3282588	124.193054	12.400354	0.983706
2019-03-25	1.16	4.681875	4.681875	310.657342	12.466211	0.510697
2019-03-26	0.82	5.3747916	5.3747916	249.343847	12.532028	0.617315
2019-03-27	0.1	7.6810416	7.6810416	156.976808	12.5978	0.878696
2019-03-28	1.7	9.1420834	9.1420834	94.535235	12.663521	1.117369
2019-03-29	0.02	8.7254168	8.7254168	251.578617	12.729185	1.233157
2019-03-30	0	10.0185418	10.0185418	475.051051	12.794787	1.426538
2019-03-31	0	6.3954168	6.3954168	347.306079	12.86032	1.172073
2019-04-01	0	5.4529166	5.4529166	508.660428	12.925777	0.752453
2019-04-02	0.28	8.7314584	8.7314584	450.381048	12.991152	1.31411
2019-04-03	0	12.1077084	12.1077084	331.083716	13.056439	1.760306
2019-04-04	0	8.9154168	8.9154168	363.794607	13.121631	1.533148
2019-04-05	0	9.0006248	9.0006248	164.197053	13.18672	1.227667
2019-04-06	0	10.7083334	10.7083334	477.101385	13.251699	1.782176
2019-04-07	0	11.4554168	11.4554168	452.060002	13.31656	1.801499
2019-04-08	0	12.1625	12.1625	392.61793	13.381295	1.946134
2019-04-09	0	7.2470834	7.2470834	307.424103	13.445896	1.149937
2019-04-10	0	5.840625	5.840625	491.511512	13.510355	0.897392
2019-04-11	0	4.4968748	4.4968748	348.603607	13.574661	0.616515
2019-04-12	0	2.8489584	2.8489584	274.292166	13.638807	0.381681
2019-04-13	2.82	2.1435418	2.1435418	386.002945	13.702781	0.330968
2019-04-14	3.18	2.7058334	2.7058334	143.042347	13.766575	0.39481
2019-04-15	0	7.5031248	7.5031248	577.881881	13.830177	1.017085
2019-04-16	0	8.5641666	8.5641666	588.200928	13.893576	1.263085
2019-04-17	0	10.2941666	10.2941666	599.946799	13.95676	1.617322
2019-04-18	0	12.5960418	12.5960418	599.734605	14.019719	2.000193
2019-04-19	0	14.0639582	14.0639582	604.190458	14.082438	2.388859
2019-04-20	0	13.3887498	13.3887498	610.159193	14.144905	2.243855
2019-04-21	0	13.4670834	13.4670834	617.612686	14.207107	2.213143
2019-04-22	0	13.45	13.45	623.526073	14.269029	2.091672
2019-04-23	0	14.2380834	14.2380834	452.838085	14.330657	2.464266
2019-04-24	0.02	17.73	17.73	601.782832	14.391975	3.013796
2019-04-25	0	17.17125	17.17125	623.932669	14.452968	3.119363
2019-04-26	3.16	13.7279166	13.7279166	477.368648	14.513618	2.557383
2019-04-27	1.56	11.203125	11.203125	531.171839	14.573909	1.986042
2019-04-28	0.24	9.8252084	9.8252084	473.27234	14.633823	1.62962
2019-04-29	3.52	8.6254166	8.6254166	107.332889	14.693342	1.448256
2019-04-30	0.02	10.9558334	10.9558334	665.954583	14.752446	1.615751
2019-05-01	0.18	13.7822916	13.7822916	583.463821	14.811116	2.220612
2019-05-02	0	12.0033332	12.0033332	471.56552	14.869331	2.083866
2019-05-03	1.04	8.7750202	8.7750202	415.043269	14.927071	1.506646
2019-05-04	8.44	5.1	5.1	320.258418	14.984313	0.802271
2019-05-05	0.02	6.6212498	6.6212498	555.668381	15.041035	0.952264
2019-05-06	0	7.3179168	7.3179168	496.783245	15.097214	1.128941
2019-05-07	0.02	7.6858334	7.6858334	546.161621	15.152826	1.276352
2019-05-08	0.3	10.5122698	10.5122698	416.676657	15.207846	1.75426
2019-05-09	0.02	13.7454168	13.7454168	539.975036	15.26225	2.324351
2019-05-10	0.08	12.0458332	12.0458332	558.106538	15.316012	2.187645
2019-05-11	13.64	8.9954168	8.9954168	129.698175	15.369105	1.671073
2019-05-12	0.06	10.0685416	10.0685416	649.0601	15.421503	1.655065
2019-05-13	0	9.8664584	9.8664584	581.672131	15.473177	1.597202
2019-05-14	0	9.2997918	9.2997918	615.029515	15.524099	1.51696
2019-05-15	0	8.3010416	8.3010416	441.974746	15.574241	1.323227
2019-05-16	2.52	7.6625002	7.6625002	76.576748	15.623573	1.168509
2019-05-17	0.06	11.6289582	11.6289582	342.571953	15.672066	2.130952
2019-05-18	0	14.663125	14.663125	686.981908	15.719689	2.806702
2019-05-19	0	17.8056354	17.8056354	656.276496	15.766411	3.312693
2019-05-20	3.78	17.6109722	17.6109722	435.256379	15.812202	3.238846
2019-05-21	0	16.6279166	16.6279166	506.883171	15.857031	3.243933
2019-05-22	0	13.3885416	13.3885416	245.436969	15.900865	2.537506
2019-05-23	0	14.776875	14.776875	665.085302	15.943673	2.642876
2019-05-24	0	17.0779078	17.0779078	546.462822	15.985424	3.312422
2019-05-25	0	14.5556248	14.5556248	601.49538	16.026084	2.866193
2019-05-26	0	17.1735418	17.1735418	617.311282	16.065622	3.050517
2019-05-27	0.36	17.0885418	17.0885418	287.540933	16.104007	3.257057
2019-05-28	2.64	14.3956886	14.3956886	445.295188	16.141206	2.911322
2019-05-29	1	12.1870834	12.1870834	604.048806	16.177189	2.433734
2019-05-30	0	15.65875	15.65875	592.257227	16.211923	2.853369
2019-05-31	0	19.0660416	19.0660416	497.147735	16.245378	3.781478
2019-06-01	0	20.7308336	20.7308336	637.697944	16.277523	4.255945
2019-06-02	0	23.01875	23.01875	725.268905	16.30833	5.003668
2019-06-03	0	23.8837498	23.8837498	718.107342	16.337769	5.335713
2019-06-04	0	23.5883334	23.5883334	679.384855	16.365811	5.075725
2019-06-05	0	26.40125	26.40125	688.723107	16.392429	5.706099
2019-06-06	1.7	18.7679102	18.7679102	413.414382	16.417598	4.18002
2019-06-07	0.02	19.0504168	19.0504168	517.315901	16.441291	3.855025
2019-06-08	0.26	16.8370834	16.8370834	568.584959	16.463484	3.660843
2019-06-09	0	19.9287502	19.9287502	660.970021	16.484154	3.982245
2019-06-10	0.04	21.9683332	21.9683332	473.989211	16.503279	4.615628
2019-06-11	6.8	21.7350452	21.7350452	509.322781	16.52084	4.599707
2019-06-12	2.22	18.905705	18.905705	432.372927	16.536818	4.395714
2019-06-13	0	20.1418748	20.1418748	673.647964	16.551194	4.18595
2019-06-14	0.02	23.0912498	23.0912498	619.25546	16.563954	5.028797
2019-06-15	0	24.1093748	24.1093748	675.278198	16.575084	5.353255
2019-06-16	0	18.359375	18.359375	443.559318	16.584572	4.071159
2019-06-17	0	21.3430876	21.3430876	576.388903	16.592407	4.659885
2019-06-18	0	22.9998716	22.9998716	596.117386	16.598581	5.143772
2019-06-19	2.78	24.8675	24.8675	660.129579	16.603087	5.688295
2019-06-20	2.32	21.3252082	21.3252082	645.296373	16.605922	4.891592
2019-06-21	0	20.1793748	20.1793748	574.016133	16.607081	4.309002
2019-06-22	0	21.4110416	21.4110416	518.919211	16.606565	4.515556
2019-06-23	0	22.9795832	22.9795832	648.47456	16.604374	4.92647
2019-06-24	0	23.2634232	23.2634232	766.809219	16.600512	5.183489
2019-06-25	0	26.1325002	26.1325002	743.396031	16.594985	6.153858
2019-06-26	0	30.1865704	30.1865704	708.716508	16.587798	7.036559
2019-06-27	0	20.7937498	20.7937498	763.223223	16.578962	4.676136
2019-06-28	0	18.588081	18.588081	682.72362	16.568486	4.064564
2019-06-29	0	22.5972914	22.5972914	764.100786	16.556384	5.128673
2019-06-30	0	28.7272916	28.7272916	760.778617	16.542669	6.851881
2019-07-01	0	23.7431248	23.7431248	642.709929	16.527359	5.632245
2019-07-02	0	18.1035416	18.1035416	562.070318	16.51047	4.128046
2019-07-03	0	16.6510414	16.6510414	620.252917	16.492022	3.568003
2019-07-04	0.3	17.7802086	17.7802086	752.120368	16.472035	3.75372
2019-07-05	0	20.2670832	20.2670832	449.432689	16.450532	4.442409
2019-07-06	0	19.9758334	19.9758334	612.008634	16.427535	4.615834
2019-07-07	1.08	16.6510416	16.6510416	468.800885	16.40307	3.386046
2019-07-08	0.02	15.7227082	15.7227082	404.096011	16.377163	3.048107
2019-07-09	0.02	14.799375	14.799375	408.363605	16.349839	2.97417
2019-07-10	0.02	17.170625	17.170625	506.75922	16.321126	3.336383
2019-07-11	3.08	18.7572914	18.7572914	363.43062	16.291054	3.825982
2019-07-12	0.2	18.6552084	18.6552084	488.744565	16.259651	3.920974
2019-07-13	0.18	18.6058336	18.6058336	495.736981	16.226947	3.802152
2019-07-14	0.02	16.4714582	16.4714582	254.19	16.192973	3.329158
2019-07-15	0.02	16.9506252	16.9506252	433.390169	16.15776	3.526945
2019-07-16	0	16.6858266	16.6858266	432.855031	16.121338	3.483229
2019-07-17	0	17.9227082	17.9227082	381.523787	16.08374	3.780906
2019-07-18	0	20.3758334	20.3758334	533.538016	16.044997	4.272816
2019-07-19	0.16	20.0839582	20.0839582	441.233542	16.005141	4.303879
2019-07-20	4.54	22.695853	22.695853	579.81318	15.964205	4.764637
2019-07-21	0.02	22.040625	22.040625	554.233428	15.92222	4.739648
2019-07-22	0	22.1902082	22.1902082	440.646389	15.879218	4.663607
2019-07-23	0	25.46	25.46	701.662581	15.835231	5.308779
2019-07-24	0	27.3135416	27.3135416	699.181033	15.79029	6.013371
2019-07-25	0	28.4291668	28.4291668	700.81975	15.744427	6.59393
2019-07-26	0	26.2108336	26.2108336	689.930035	15.697672	5.983193
2019-07-27	0	25.1699998	25.1699998	656.294496	15.650057	5.515372
2019-07-28	3.38	25.7920834	25.7920834	565.249469	15.60161	5.504733
2019-07-29	0.02	23.8314582	23.8314582	546.284837	15.552363	5.367357
2019-07-30	0	23.7935416	23.7935416	420.463091	15.502343	5.289909
2019-07-31	3.56	19.334375	19.334375	357.749121	15.45158	4.346449
2019-08-01	0	20.0108334	20.0108334	492.551422	15.400101	4.079591
2019-08-02	0	20.7016666	20.7016666	517.244641	15.347935	4.229097
2019-08-03	2.14	19.5416666	19.5416666	429.503819	15.295108	3.848063
2019-08-04	0	20.2749802	20.2749802	478.54463	15.241646	4.004143
2019-08-05	0	20.454375	20.454375	416.412572	15.187575	4.20879
2019-08-06	0	22.2160418	22.2160418	438.656143	15.13292	4.424837
2019-08-07	0.24	20.437195	20.437195	277.186648	15.077705	4.049278
2019-08-08	0	21.9672918	21.9672918	568.167445	15.021953	4.21398
2019-08-09	2.74	23.5064586	23.5064586	496.592172	14.965688	4.575702
2019-08-10	1.06	22.3095836	22.3095836	514.223758	14.908933	4.730519
2019-08-11	0	23.3797916	23.3797916	588.819767	14.851707	4.62607
2019-08-12	0.1	20.1232478	20.1232478	326.077215	14.794033	3.788853
2019-08-13	0.06	17.4225	17.4225	566.439102	14.73593	3.452687
2019-08-14	0	17.352432	17.352432	499.185833	14.677419	3.106174
2019-08-15	4.18	16.5635416	16.5635416	307.128698	14.618517	3.24903
2019-08-16	0.08	18.2860394	18.2860394	513.244671	14.559244	3.542006
2019-08-17	0	20.1766536	20.1766536	208.812576	14.499616	3.801115
2019-08-18	2.78	22.0250834	22.0250834	368.775818	14.439651	4.181591
2019-08-19	0.06	19.978125	19.978125	508.12754	14.379364	3.844706
2019-08-20	0.16	17.4595836	17.4595836	292.711711	14.318773	3.615487
2019-08-21	0.02	18.13125	18.13125	454.104585	14.25789	3.272442
2019-08-22	0	18.1462498	18.1462498	593.152318	14.196732	3.592901
2019-08-23	0	19.9064584	19.9064584	586.230499	14.135312	3.840663
2019-08-24	0	22.194375	22.194375	547.38117	14.073644	4.107885
2019-08-25	0	25.2066666	25.2066666	522.381914	14.01174	4.726139
2019-08-26	0	24.766875	24.766875	518.338163	13.949612	4.798793
2019-08-27	0	24.568125	24.568125	496.639326	13.887273	4.745018
2019-08-28	1.28	23.0110416	23.0110416	410.991678	13.824733	4.638945
2019-08-29	1.16	22.42	22.42	451.1596	13.762004	4.547879
2019-08-30	0.02	24.1266666	24.1266666	453.250482	13.699095	4.459151
2019-08-31	0	25.611875	25.611875	480.625892	13.636018	4.890482
2019-09-01	0	21.2297918	21.2297918	402.960233	13.572781	4.267425
2019-09-02	0	16.3552084	16.3552084	374.163993	13.509393	3.083326
2019-09-03	0	16.2270834	16.2270834	405.820087	13.445864	3.11678
2019-09-04	0	19.6054166	19.6054166	495.531965	13.382202	3.598616
2019-09-05	1.34	17.1909298	17.1909298	386.466726	13.318414	3.116848
2019-09-06	0	13.4718752	13.4718752	504.586142	13.254508	2.513606
2019-09-07	0	13.735625	13.735625	290.761816	13.190493	2.566057
2019-09-08	2.2	15.5579166	15.5579166	336.575377	13.126374	2.518931
2019-09-09	25.06	12.5268752	12.5268752	75.813766	13.062159	2.028111
2019-09-10	0.1	14.4018752	14.4018752	352.398742	12.997855	2.272067
2019-09-11	0	16.0670832	16.0670832	451.910931	12.933468	2.546089
2019-09-12	0	18.6879166	18.6879166	239.90185	12.869004	3.018393
2019-09-13	0	18.0470834	18.0470834	245.036141	12.804468	3.023505
2019-09-14	0	13.8616666	13.8616666	339.646984	12.739868	2.320397
2019-09-15	0	17.61875	17.61875	440.206959	12.675208	2.849862
2019-09-16	0.54	13.284375	13.284375	74.865527	12.610494	2.30489
2019-09-17	0.26	12.3937502	12.3937502	254.509707	12.545731	1.93415
2019-09-18	0	11.0947918	11.0947918	333.567491	12.480925	1.798292
2019-09-19	0	10.3008334	10.3008334	298.111646	12.41608	1.600526
2019-09-20	0	10.7454168	10.7454168	400.270667	12.351203	1.601008
2019-09-21	0	12.4254168	12.4254168	414.932524	12.286297	1.995515
2019-09-22	0	14.5047916	14.5047916	413.574439	12.221368	2.356673
2019-09-23	0.04	14.4604164	14.4604164	339.64949	12.156422	2.366907
2019-09-24	0.14	16.9522916	16.9522916	263.871445	12.091463	2.524764
2019-09-25	2.62	14.5933332	14.5933332	111.458984	12.026495	2.161466
2019-09-26	1.56	16.211875	16.211875	237.456686	11.961525	2.353258
2019-09-27	0.98	15.2829168	15.2829168	94.896274	11.896558	2.340852
2019-09-28	0	15.2927084	15.2927084	301.532904	11.831598	2.305611
2019-09-29	0.38	16.6335416	16.6335416	191.11209	11.766651	2.513005
2019-09-30	0.18	15.3462498	15.3462498	236.029493	11.701723	2.196309
2019-10-01	0	16.1064582	16.1064582	221.190093	11.63682	2.33429
2019-10-02	6.2	10.55725	10.55725	124.193115	11.571946	1.544152
2019-10-03	9.92	10.101875	10.101875	234.31335	11.507108	1.348605
2019-10-04	9.14	9.4464582	9.4464582	145.944941	11.442312	1.248137
2019-10-05	4.94	8.1718334	8.1718334	152.02433	11.377565	1.171106
2019-10-06	0.02	6.4708332	6.4708332	138.162194	11.312874	0.880958
2019-10-07	0	6.23875	6.23875	336.552187	11.248244	0.855786
2019-10-08	1.66	11.4810416	11.4810416	26.178977	11.183684	1.393615
2019-10-09	1.18	12.2612498	12.2612498	227.383785	11.1192	1.634024
2019-10-10	0.02	11.1752084	11.1752084	213.958581	11.054801	1.460467
2019-10-11	0	12.8139584	12.8139584	193.015391	10.990495	1.79108
2019-10-12	0	17.6614582	17.6614582	292.28799	10.926291	2.335443
2019-10-13	0	19.3166666	19.3166666	275.760071	10.862197	2.826439
2019-10-14	0	17.6822918	17.6822918	273.964414	10.798222	2.627316
2019-10-15	0	15.47875	15.47875	270.101016	10.734377	2.189735
2019-10-16	3.96	13.8427084	13.8427084	159.233369	10.670672	1.888554
2019-10-17	2.48	14.2335634	14.2335634	183.79987	10.607117	2.001896
2019-10-18	0.76	14.08375	14.08375	194.604163	10.543724	1.927166
2019-10-19	0	12.7152084	12.7152084	155.056012	10.480504	1.706211
2019-10-20	0	14.5875	14.5875	216.092913	10.41747	1.908894
2019-10-21	0	13.3589584	13.3589584	152.745699	10.354635	1.887072
2019-10-22	0	12.4664584	12.4664584	189.345877	10.292012	1.669805
2019-10-23	0	10.8316666	10.8316666	127.064167	10.229615	1.503748
2019-10-24	0.08	12.1477082	12.1477082	214.766028	10.16746	1.635331
2019-10-25	0	13.521875	13.521875	201.026125	10.10556	1.764339
2019-10-26	0	14.500625	14.500625	219.275456	10.043933	1.813731
2019-10-27	1.36	10.4474998	10.4474998	18.869428	9.982595	1.405501
2019-10-28	0	6.3060416	6.3060416	149.684879	9.921564	0.792751
2019-10-29	0	5.5587498	5.5587498	154.750094	9.860858	0.654454
2019-10-30	0	2.4152082	2.4152082	119.136387	9.800495	0.369651
2019-10-31	0.02	-0.3745832	-0.3745832	212.101348	9.740496	0.174991
2019-11-01	0.68	2.8172916	2.8172916	154.655369	9.680881	0.327123
2019-11-02	0.08	12.6943752	12.6943752	98.259583	9.621672	1.392435
2019-11-03	1.42	11.6754168	11.6754168	134.086501	9.56289	1.343229
2019-11-04	3.58	10.9066666	10.9066666	127.656209	9.504558	1.160862
2019-11-05	0.24	8.3983334	8.3983334	115.424713	9.4467	0.901857
2019-11-06	0.16	7.5023116	7.5023116	106.091064	9.389341	0.757245
2019-11-07	0.3	8.8370832	8.8370832	130.151237	9.332506	0.890194
2019-11-08	1.78	6.3397918	6.3397918	81.790742	9.276221	0.695839
2019-11-09	0.12	5.3791666	5.3791666	50.849957	9.220514	0.513512
2019-11-10	0	2.3408332	2.3408332	155.662541	9.165412	0.258463
2019-11-11	0	1.92625	1.92625	141.87723	9.110944	0.192252
2019-11-12	0	4.62375	4.62375	108.159116	9.05714	0.43934
2019-11-13	0	4.0266668	4.0266668	104.127934	9.00403	0.402114
2019-11-14	0	3.900625	3.900625	145.669295	8.951644	0.32744
2019-11-15	0	5.038125	5.038125	100.389244	8.900015	0.477961
2019-11-16	5.38	4.0967676	4.0967676	91.019781	8.849175	0.362693
2019-11-17	1.34	2.7432632	2.7432632	18.612044	8.799158	0.304759
2019-11-18	2.32	5.3418092	5.3418092	29.245398	8.749997	0.569167
2019-11-19	0.28	5.223125	5.223125	112.277559	8.701726	0.502371
2019-11-20	0.14	3.6241118	3.6241118	47.646651	8.654382	0.363243
2019-11-21	2.18	5.5935416	5.5935416	20.428026	8.607998	0.438624
2019-11-22	0.04	2.8245832	2.8245832	84.147014	8.562611	0.403535
2019-11-23	0.02	3.48875	3.48875	85.729896	8.518258	0.424391
2019-11-24	0.02	2.1975	2.1975	107.791061	8.474974	0.303357
2019-11-25	0.04	2.4810418	2.4810418	51.465241	8.432797	0.251295
2019-11-26	0.02	5.62125	5.62125	68.631366	8.391764	0.484123
2019-11-27	1.1	6.9472918	6.9472918	38.110525	8.351911	0.60942
2019-11-28	0.88	10.01375	10.01375	100.72276	8.313276	0.897493
2019-11-29	0.46	5.135	5.135	101.364521	8.275895	0.477253
2019-11-30	0.64	2.1568748	2.1568748	80.733618	8.239804	0.144544
2019-12-01	0	0.8731252	0.8731252	68.972208	8.205041	0.04244
2019-12-02	0.16	2.4259932	2.4259932	66.358434	8.17164	0.146617
2019-12-03	0.06	4.1085418	4.1085418	27.075824	8.139637	0.284802
2019-12-04	0	1.4425	1.4425	106.335465	8.109067	0.126261
2019-12-05	0	0.0038674	0.0038674	109.8248	8.079962	0.016019
2019-12-06	0	2.4883334	2.4883334	59.94122	8.052356	0.174227
2019-12-07	0.02	7.5270834	7.5270834	48.009105	8.02628	0.598287
2019-12-08	0.14	8.7847918	8.7847918	38.176072	8.001766	0.738847
2019-12-09	1.5	6.6587498	6.6587498	98.941889	7.978841	0.556263
2019-12-10	0	2.7129168	2.7129168	103.118972	7.957534	0.193392
2019-12-11	3.52	2.4412498	2.4412498	46.955237	7.937871	0.15761
2019-12-12	1.32	1.9639582	1.9639582	60.377397	7.919878	0.174899
2019-12-13	3.8	0.7037502	0.7037502	65.365374	7.903576	0.117943
2019-12-14	1.66	4.5129166	4.5129166	38.313778	7.888986	0.31031
2019-12-15	0.78	6.07875	6.07875	53.554638	7.876129	0.518077
2019-12-16	0.28	6.5491666	6.5491666	36.121484	7.865021	0.556607
2019-12-17	0	9.0502086	9.0502086	82.443602	7.855676	0.868559
2019-12-18	0	6.52	6.52	53.687966	7.848109	0.686824
2019-12-19	0.04	1.5235418	1.5235418	63.610225	7.842329	0.347613
2019-12-20	0.44	4.6589584	4.6589584	76.513386	7.838344	0.560124
2019-12-21	0	4.9545834	4.9545834	94.729191	7.836162	0.482481
2019-12-22	0	3.0310416	3.0310416	51.513557	7.835784	0.379694
2019-12-23	0	6.1666666	6.1666666	60.623827	7.837214	0.524604
2019-12-24	2.08	5.46125	5.46125	55.768207	7.840448	0.473666
2019-12-25	1.58	5.5366668	5.5366668	32.895612	7.845484	0.447868
2019-12-26	0.36	4.1964584	4.1964584	85.444908	7.852317	0.283927
2019-12-27	0.06	1.616875	1.616875	51.944325	7.860937	0.094125
2019-12-28	0	-0.7187498	-0.7187498	56.159665	7.871334	0.002578
2019-12-29	0	-1.5410416	-1.5410416	87.737911	7.883496	0
2019-12-30	0	3.6191666	3.6191666	85.090024	7.897408	0.246306
2019-12-31	0	3.6972918	3.6972918	51.737685	7.913052	0.335477
2020-01-01	0	0.3020834	0.3020834	81.802446	7.930409	0.052039
2020-01-02	0	0.4364586	0.4364586	103.231137	7.949459	0.030519
2020-01-03	0.24	5.3864582	5.3864582	31.4805	7.970179	0.413342
2020-01-04	1.72	3.8229166	3.8229166	32.455017	7.992544	0.313437
2020-01-05	0	2.9652084	2.9652084	80.907018	8.016527	0.145215
2020-01-06	0.02	2.4827082	2.4827082	59.09902	8.042102	0.237065
2020-01-07	0	2.0293752	2.0293752	27.884215	8.069239	0.177109
2020-01-08	1.52	5.9004168	5.9004168	16.792567	8.097907	0.435896
2020-01-09	7.98	8.4360418	8.4360418	14.1963	8.128075	0.759658
2020-01-10	0.56	8.515	8.515	84.983114	8.15971	0.779438
2020-01-11	0.16	3.8683332	3.8683332	97.278932	8.192778	0.323373
2020-01-12	0	2.4191666	2.4191666	105.000092	8.227246	0.250365
2020-01-13	0	4.3433332	4.3433332	65.997357	8.263077	0.473124
2020-01-14	0	7.9197916	7.9197916	70.123919	8.300237	0.681213
2020-01-15	0	9.9511752	9.9511752	115.667149	8.338689	0.887213
2020-01-16	0	5.786875	5.786875	114.309354	8.378396	0.719779
2020-01-17	0	3.8239586	3.8239586	118.316748	8.419321	0.426088
2020-01-18	0	4.41375	4.41375	97.552892	8.461429	0.411
2020-01-19	0.64	2.9206248	2.9206248	53.18968	8.504681	0.265482
2020-01-20	0.02	1.8385416	1.8385416	102.762416	8.549041	0.132327
2020-01-21	0	-0.6972918	-0.6972918	138.2304	8.594472	0
2020-01-22	0.06	-0.3135418	-0.3135418	36.605989	8.640937	0.017688
2020-01-23	0	1.053125	1.053125	67.877151	8.688401	0.079673
2020-01-24	0	-1.7754166	-1.7754166	139.51848	8.736826	0
2020-01-25	0	-0.9391666	-0.9391666	116.752491	8.786178	0
2020-01-26	0	0.4833334	0.4833334	105.404172	8.836422	0.03562
2020-01-27	0	4.2647916	4.2647916	114.828776	8.887523	0.426795
2020-01-28	1.14	4.7716666	4.7716666	82.116854	8.939448	0.435072
2020-01-29	0	3.485	3.485	112.583262	8.992162	0.280335
2020-01-30	0.12	5.9175	5.9175	74.464407	9.045634	0.504599
2020-01-31	0.12	11.1920832	11.1920832	77.370931	9.099832	1.094512
2020-02-01	2.2	10.6964586	10.6964586	32.50601	9.154724	1.115941
2020-02-02	2.7	7.2560418	7.2560418	33.676691	9.21028	0.727895
2020-02-03	0.7	8.65	8.65	101.566102	9.266471	0.87983
2020-02-04	9.34	4.4879168	4.4879168	149.301852	9.323267	0.420108
2020-02-05	0.02	2.2002084	2.2002084	154.42067	9.380642	0.192497
2020-02-06	0	2.7835418	2.7835418	67.433948	9.438567	0.231586
2020-02-07	0	4.011875	4.011875	68.647511	9.497016	0.332325
2020-02-08	0	3.7604166	3.7604166	197.315309	9.555965	0.324235
2020-02-09	0	9.5004166	9.5004166	165.559742	9.615388	0.896369
2020-02-10	16.38	6.906772	6.906772	144.511378	9.675261	0.821081
2020-02-11	1.82	3.7295834	3.7295834	191.899243	9.735562	0.373657
2020-02-12	0.2	3.4920832	3.4920832	212.254755	9.796268	0.315866
2020-02-13	0.32	2.9783334	2.9783334	88.603225	9.857358	0.272904
2020-02-14	0.1	5.4026644	5.4026644	129.578018	9.918812	0.493844
2020-02-15	0	5.8709672	5.8709672	180.305346	9.980609	0.63074
2020-02-16	0	12.795625	12.795625	82.6132	10.042731	1.491654
2020-02-17	0	8.5309496	8.5309496	122.976265	10.105158	1.091125
2020-02-18	0.2	6.5827086	6.5827086	211.66962	10.167875	0.70538
2020-02-19	0.74	5.05625	5.05625	156.736346	10.230864	0.488675
2020-02-20	0.18	5.1539584	5.1539584	107.463555	10.294108	0.492109
2020-02-21	0.48	5.7754168	5.7754168	165.578221	10.357592	0.579899
2020-02-22	0.1	8.3016666	8.3016666	138.694257	10.421302	0.879979
2020-02-23	3.84	8.69625	8.69625	31.101662	10.485223	1.017521
2020-02-24	0.22	5.4635416	5.4635416	169.099371	10.549342	0.593078
2020-02-25	0.38	8.2841668	8.2841668	155.002286	10.613646	0.976308
2020-02-26	2.62	2.9645836	2.9645836	186.843836	10.678121	0.345226
2020-02-27	2.3	2.8058336	2.8058336	173.783487	10.742757	0.2655
2020-02-28	0.06	3.3549998	3.3549998	210.314339	10.807542	0.32825
2020-02-29	2.38	6.8097918	6.8097918	218.832456	10.872465	0.927041
2020-03-01	1.96	5.9975	5.9975	249.950891	10.937516	0.824191
2020-03-02	0.36	6.5777084	6.5777084	272.968681	11.002684	0.749965
2020-03-03	2.2	4.4606248	4.4606248	135.830315	11.067961	0.511052
2020-03-04	0	3.5504168	3.5504168	250.942524	11.133336	0.357301
2020-03-05	1.32	4.7756248	4.7756248	253.837393	11.198802	0.55089
2020-03-06	2.9	5.9022916	5.9022916	162.849458	11.26435	0.678971
2020-03-07	2.62	4.7693748	4.7693748	225.077236	11.329972	0.500886
2020-03-08	0	5.5991668	5.5991668	238.640599	11.39566	0.712405
2020-03-09	2.14	7.1427084	7.1427084	237.706028	11.461406	0.930309
2020-03-10	2.18	6.7977086	6.7977086	66.829023	11.527205	0.738905
2020-03-11	3.1	10.4322916	10.4322916	105.320647	11.593048	1.375558
2020-03-12	0.02	9.7985418	9.7985418	247.332749	11.658928	1.330312
2020-03-13	0	6.3333334	6.3333334	332.347706	11.724841	0.802043
2020-03-14	0	3.4154166	3.4154166	321.388048	11.790778	0.512422
2020-03-15	0	6.2512368	6.2512368	364.166284	11.856734	0.829562
2020-03-16	0	7.8475	7.8475	380.245111	11.922704	1.318652
2020-03-17	1.26	7.8389408	7.8389408	312.793231	11.98868	1.252612
2020-03-18	0	10.1895832	10.1895832	378.732959	12.054658	1.407142
2020-03-19	0	10.7689582	10.7689582	280.056764	12.120632	1.56814
2020-03-20	0.2	6.7301228	6.7301228	67.211969	12.186596	0.930652
2020-03-21	0.06	3.5775174	3.5775174	232.820555	12.252544	0.488647
2020-03-22	0	0.8970832	0.8970832	414.710133	12.31847	0.116377
2020-03-23	0	-0.2633334	-0.2633334	461.340006	12.38437	0
2020-03-24	0	0.5456252	0.5456252	469.345553	12.450238	0.03216
2020-03-25	0	1.7064124	1.7064124	475.203623	12.516068	0.100816
2020-03-26	0	4.266875	4.266875	453.447715	12.581854	0.408216
2020-03-27	0	8.3697918	8.3697918	461.507629	12.647591	0.992155
2020-03-28	0	7.0360416	7.0360416	476.385105	12.713272	0.946294
2020-03-29	1.1	2.5477084	2.5477084	206.876801	12.778892	0.385131
2020-03-30	0	0.8577082	0.8577082	422.697015	12.844445	0.086705
2020-03-31	0	1.2435416	1.2435416	390.421899	12.909923	0.116969
2020-04-01	0	2.3025	2.3025	508.286313	12.975322	0.190842
2020-04-02	0	4.8258334	4.8258334	407.021031	13.040634	0.476179
2020-04-03	0	7.2041666	7.2041666	328.877688	13.105852	0.864967
2020-04-04	0	6.0500696	6.0500696	261.310971	13.170969	0.885947
2020-04-05	0	7.7518752	7.7518752	527.336965	13.235978	1.143744
2020-04-06	0	9.8253126	9.8253126	539.440381	13.300871	1.698375
2020-04-07	0	10.9870986	10.9870986	515.130862	13.36564	1.998323
2020-04-08	0	11.7359528	11.7359528	544.421908	13.430278	2.197268
2020-04-09	0	11.8070796	11.8070796	518.214665	13.494774	1.801283
2020-04-10	0	10.151875	10.151875	426.637213	13.559121	1.603119
2020-04-11	0	8.2352084	8.2352084	561.194292	13.62331	1.27323
2020-04-12	0	13.0118972	13.0118972	503.660458	13.687329	1.99239
2020-04-13	1.16	7.4691974	7.4691974	469.460496	13.751171	1.204768
2020-04-14	0	4.603415	4.603415	500.707405	13.814823	0.743991
2020-04-15	0	8.7278178	8.7278178	576.110918	13.878275	1.241131
2020-04-16	0	12.3279166	12.3279166	543.69982	13.941515	1.941269
2020-04-17	0	11.7020834	11.7020834	575.779912	14.004532	1.822299
2020-04-18	0	12.8116162	12.8116162	517.990252	14.067314	1.869441
2020-04-19	0.26	10.2814582	10.2814582	602.72259	14.129846	1.584785
2020-04-20	0	9.5137502	9.5137502	624.855079	14.192117	1.519297
2020-04-21	0	11.4758334	11.4758334	623.649967	14.254111	1.82912
2020-04-22	0	11.8622918	11.8622918	631.251285	14.315814	2.050219
2020-04-23	0	12.0835416	12.0835416	634.128448	14.377211	2.21732
2020-04-24	0	13.2137502	13.2137502	507.346144	14.438287	2.400181
2020-04-25	0	9.0954168	9.0954168	300.797217	14.499025	1.683402
2020-04-26	0	10.7725	10.7725	469.195744	14.559408	1.986538
2020-04-27	0	14.0358132	14.0358132	582.438624	14.619418	2.455343
2020-04-28	0.9	14.8589496	14.8589496	456.345024	14.679037	2.651688
2020-04-29	1.18	13.6712498	13.6712498	487.829064	14.738246	2.615288
2020-04-30	1.8	12.4702082	12.4702082	388.341092	14.797026	2.471775
2020-05-01	0.28	11.1637502	11.1637502	535.505799	14.855356	2.169068
2020-05-02	0.16	9.63375	9.63375	401.055066	14.913216	1.719131
2020-05-03	0.02	11.305	11.305	516.938314	14.970584	1.86737
2020-05-04	4.8	8.406875	8.406875	282.765962	15.027437	1.564575
2020-05-05	0.04	7.8541668	7.8541668	597.020043	15.083752	1.383616
2020-05-06	0	10.2408332	10.2408332	618.152906	15.139507	1.67917
2020-05-07	0	11.3829168	11.3829168	676.66618	15.194676	2.023385
2020-05-08	0	14.4343182	14.4343182	622.344595	15.249235	2.745803
2020-05-09	0	15.5147784	15.5147784	559.634209	15.303157	2.898498
2020-05-10	0	16.3476284	16.3476284	471.644686	15.356418	3.298144
2020-05-11	9.44	5.8695834	5.8695834	90.490566	15.408989	1.22914
2020-05-12	0	6.3214582	6.3214582	468.408833	15.460844	1.079026
2020-05-13	0	9.8344946	9.8344946	447.196931	15.511954	1.569855
2020-05-14	0	8.9258334	8.9258334	477.76865	15.56229	1.717381
2020-05-15	0	9.2641666	9.2641666	600.99463	15.611824	1.797597
2020-05-16	0	11.985625	11.985625	573.947397	15.660525	1.998105
2020-05-17	0	13.0795834	13.0795834	585.802583	15.708364	2.409574
2020-05-18	0	16.190797	16.190797	525.527923	15.755311	3.032067
2020-05-19	0	16.3257068	16.3257068	392.759477	15.801333	3.117845
2020-05-20	0	15.10875	15.10875	278.218918	15.8464	2.932288
2020-05-21	0	15.20928	15.20928	619.705164	15.89048	3.006471
2020-05-22	3.64	15.9209344	15.9209344	427.03892	15.933542	3.607013
2020-05-23	1.28	14.9570834	14.9570834	285.280825	15.975554	3.055298
2020-05-24	1.26	13.1420832	13.1420832	588.230272	16.016484	2.607821
2020-05-25	0.64	12.2216666	12.2216666	364.295586	16.0563	2.481571
2020-05-26	0	14.9085922	14.9085922	406.802748	16.094969	2.692812
2020-05-27	0.12	16.6676666	16.6676666	459.135592	16.13246	3.192435
2020-05-28	4.72	14.5345834	14.5345834	566.52423	16.168742	2.866718
2020-05-29	0	14.5883334	14.5883334	593.831653	16.203783	2.863078
2020-05-30	0	13.41	13.41	500.013639	16.237553	2.781824
2020-05-31	0	14.7256248	14.7256248	442.045589	16.27002	2.924441
2020-06-01	0	16.866259	16.866259	746.970079	16.301156	3.422579
2020-06-02	0	17.8438376	17.8438376	743.796781	16.33093	3.965009
2020-06-03	3.7	16.9873392	16.9873392	587.680253	16.359314	4.34087
2020-06-04	3.7	15.4620834	15.4620834	446.864967	16.386282	3.633102
2020-06-05	2.04	13.0710416	13.0710416	554.866555	16.411805	2.862844
2020-06-06	0.24	12.0427082	12.0427082	463.160404	16.435859	2.767928
2020-06-07	0.18	13.8854168	13.8854168	388.46829	16.458418	3.183115
2020-06-08	0.02	15.2527084	15.2527084	508.885226	16.47946	3.146912
2020-06-09	0.04	15.7879168	15.7879168	378.561157	16.498963	3.466811
2020-06-10	0.06	16.9044738	16.9044738	449.978838	16.516905	3.599998
2020-06-11	0.28	16.2404164	16.2404164	177.979014	16.533269	3.339036
2020-06-12	0	20.8502956	20.8502956	591.983722	16.548035	4.458837
2020-06-13	0.16	22.6714584	22.6714584	603.897111	16.561188	5.011919
2020-06-14	6.46	19.1939582	19.1939582	213.536699	16.572715	4.26808
2020-06-15	0.02	20.4593478	20.4593478	473.473671	16.582601	4.317255
2020-06-16	0	19.1215748	19.1215748	506.735735	16.590838	4.199575
2020-06-17	0.08	20.959962	20.959962	559.966507	16.597415	4.51325
2020-06-18	0	17.6685416	17.6685416	314.662264	16.602325	3.907757
2020-06-19	0.16	18.8821674	18.8821674	421.670889	16.605564	3.921049
2020-06-20	0.06	19.534508	19.534508	449.254161	16.607129	3.936033
2020-06-21	0	19.2455526	19.2455526	689.532896	16.607018	4.033825
2020-06-22	0	19.1626516	19.1626516	581.848271	16.605232	4.117072
2020-06-23	0	18.8614584	18.8614584	717.92196	16.601774	4.207354
2020-06-24	0	19.6393374	19.6393374	511.146799	16.596648	4.102801
2020-06-25	0.44	20.8587498	20.8587498	529.632744	16.589862	4.457668
2020-06-26	0	21.425522	21.425522	614.958839	16.581423	4.776599
2020-06-27	0	23.1691666	23.1691666	595.39019	16.571342	5.044176
2020-06-28	0.04	21.5660416	21.5660416	465.191982	16.559631	4.945383
2020-06-29	0	19.7460418	19.7460418	555.50071	16.546305	4.239268
2020-06-30	0	19.7429166	19.7429166	700.072124	16.531378	4.295333
2020-07-01	3.14	21.9793748	21.9793748	473.994611	16.514868	4.759314
2020-07-02	0.9	20.325	20.325	527.920169	16.496794	4.600678
2020-07-03	0.02	19.4704166	19.4704166	484.288744	16.477176	4.154572
2020-07-04	0	21.1808332	21.1808332	671.301268	16.456036	4.744012
2020-07-05	0	22.82375	22.82375	387.308007	16.433397	5.248108
2020-07-06	0	18.4758542	18.4758542	553.950808	16.409283	3.853702
2020-07-07	0.6	17.5325464	17.5325464	447.610261	16.383721	3.405112
2020-07-08	3.38	15.7893238	15.7893238	199.456529	16.356735	3.02657
2020-07-09	1.46	18.7524546	18.7524546	234.88512	16.328354	3.635993
2020-07-10	0	19.7755856	19.7755856	502.207648	16.298606	4.269975
2020-07-11	0	16.4024664	16.4024664	579.746223	16.267521	3.366087
2020-07-12	0	17.003722	17.003722	527.197417	16.235127	3.304752
2020-07-13	0	18.4914362	18.4914362	605.307647	16.201455	3.878156
2020-07-14	0	20.563525	20.563525	500.26616	16.166537	4.436817
2020-07-15	13.7	16.0420728	16.0420728	253.980062	16.130402	3.250924
2020-07-16	0.2	16.635412	16.635412	307.188137	16.093084	3.137731
2020-07-17	0.04	18.251876	18.251876	440.033713	16.054613	3.595499
2020-07-18	0	20.51584	20.51584	518.13828	16.015021	4.185835
2020-07-19	0	22.4218876	22.4218876	627.085838	15.974341	4.911715
2020-07-20	1	19.62356	19.62356	572.695	15.932605	4.278527
2020-07-21	0	18.3470592	18.3470592	478.104321	15.889843	3.705548
2020-07-22	0	17.8137798	17.8137798	523.750046	15.846089	3.557436
2020-07-23	0	18.6929522	18.6929522	463.602338	15.801374	3.744579
2020-07-24	0	19.9942078	19.9942078	587.884235	15.755729	4.415637
2020-07-25	0	20.7110888	20.7110888	487.729619	15.709185	4.526983
2020-07-26	7.08	18.811928	18.811928	355.355465	15.661772	4.338872
2020-07-27	0	20.2650586	20.2650586	443.608734	15.613522	4.336946
2020-07-28	0	22.5442312	22.5442312	546.430145	15.564463	4.977952
2020-07-29	0	19.0631954	19.0631954	660.566085	15.514625	4.146908
2020-07-30	0	19.268201	19.268201	676.622885	15.464037	4.07547
2020-07-31	0	20.9269568	20.9269568	664.172139	15.412727	4.47706
2020-08-01	0	23.5150874	23.5150874	651.388068	15.360722	5.347952
2020-08-02	9.86	18.786135	18.786135	303.938606	15.30805	4.308417
2020-08-03	0.02	17.751141	17.751141	562.479274	15.254737	3.808808
2020-08-04	0	17.3971884	17.3971884	413.025785	15.200809	3.714103
2020-08-05	0	19.4155274	19.4155274	643.145348	15.14629	4.228653
2020-08-06	0	21.278658	21.278658	660.713539	15.091206	4.650548
2020-08-07	0	23.2674972	23.2674972	632.886101	15.03558	5.16593
2020-08-08	0	25.3609614	25.3609614	603.142524	14.979435	6.140811
2020-08-09	0	25.0465922	25.0465922	503.4232	14.922794	6.33116
2020-08-10	0	23.391598	23.391598	188.407341	14.865678	4.94043
2020-08-11	0	24.5747286	24.5747286	542.034093	14.808109	5.234155
2020-08-12	0	24.702026	24.702026	574.094785	14.750106	5.370559
2020-08-13	0	23.2889068	23.2889068	463.449943	14.691689	5.090187
2020-08-14	0	21.6749542	21.6749542	387.513897	14.632878	4.503484
2020-08-15	0.12	21.0060016	21.0060016	354.59708	14.573691	4.449442
2020-08-16	0	22.8303082	22.8303082	556.668617	14.514145	4.777824
2020-08-17	0	20.5897636	20.5897636	426.770585	14.454258	4.389295
2020-08-18	8.3	19.466644	19.466644	383.822535	14.394046	3.909206
2020-08-19	0	19.8228996	19.8228996	471.189425	14.333525	3.887528
2020-08-20	0	22.2185306	22.2185306	435.874409	14.27271	4.489454
2020-08-21	0	25.3643696	25.3643696	521.165863	14.211615	5.329223
2020-08-22	8.1	21.5160422	21.5160422	245.419793	14.150256	4.523586
2020-08-23	0.32	18.666673	18.666673	381.856378	14.088644	3.833971
2020-08-24	0	18.1466788	18.1466788	364.737693	14.026794	3.392061
2020-08-25	0	18.5727262	18.5727262	380.794813	13.964717	3.425723
2020-08-26	0	18.999607	18.999607	219.725809	13.902426	3.666019
2020-08-27	0	16.8808626	16.8808626	281.982592	13.839932	3.132428
2020-08-28	3.18	18.0400352	18.0400352	365.389998	13.777246	3.429165
2020-08-29	0	18.126291	18.126291	373.568411	13.714379	3.406951
2020-08-30	19.3	16.31213	16.31213	188.162465	13.65134	2.981369
2020-08-31	1.62	16.3744276	16.3744276	388.371814	13.588139	2.878326
2020-09-01	0.66	14.7065166	14.7065166	377.768906	13.524785	2.673765
2020-09-02	0	15.688189	15.688189	425.370055	13.461288	2.564297
2020-09-03	5.52	16.866528	16.866528	373.870246	13.397655	2.772243
2020-09-04	0.02	18.7632006	18.7632006	266.253422	13.333895	3.456498
2020-09-05	0.42	16.0002896	16.0002896	160.163706	13.270016	2.819131
2020-09-06	0.02	15.654254	15.654254	372.335169	13.206025	2.477562
2020-09-07	0	15.6923846	15.6923846	409.074211	13.141929	2.440916
2020-09-08	0	17.4405154	17.4405154	360.69633	13.077736	2.907313
2020-09-09	0.24	18.7188544	18.7188544	413.729985	13.013451	3.48123
2020-09-10	0.86	15.6859436	15.6859436	321.399238	12.949082	2.704529
2020-09-11	0	15.5924076	15.5924076	399.46164	12.884634	2.731514
2020-09-12	0	17.0942886	17.0942886	454.354034	12.820114	3.160328
2020-09-13	0	16.993588	16.993588	400.06704	12.755527	3.125347
2020-09-14	0	18.2078416	18.2078416	430.882653	12.69088	3.608676
2020-09-15	0	18.7810768	18.7810768	430.157105	12.626177	3.793119
2020-09-16	0	19.77577	19.77577	335.933998	12.561424	3.625285
2020-09-17	0	15.4023526	15.4023526	291.878356	12.496626	2.52457
2020-09-18	0	13.8189356	13.8189356	436.044415	12.431789	2.185874
2020-09-19	0	14.1798934	14.1798934	376.802115	12.366918	2.213644
2020-09-20	0	15.0504348	15.0504348	407.152611	12.302017	2.449528
2020-09-21	0	15.452226	15.452226	407.484939	12.237092	2.583055
2020-09-22	0	16.9771422	16.9771422	396.890046	12.172148	2.958085
2020-09-23	0	16.8893498	16.8893498	369.464775	12.10719	3.199776
2020-09-24	0.66	16.5055162	16.5055162	313.304075	12.042223	2.949078
2020-09-25	13.02	13.6881408	13.6881408	220.552732	11.977252	2.161337
2020-09-26	17.74	10.6609738	10.6609738	55.341807	11.912282	1.363308
2020-09-27	0	11.1633898	11.1633898	182.180188	11.847318	1.511781
2020-09-28	0	13.3185142	13.3185142	343.118207	11.782367	1.702019
2020-09-29	0	13.657389	13.657389	290.513357	11.717432	1.883608
2020-09-30	0	12.7256384	12.7256384	295.503266	11.65252	1.875898
2020-10-01	0.06	12.9418046	12.9418046	343.123367	11.587637	1.862077
2020-10-02	0	14.119429	14.119429	301.875249	11.522789	2.06849
2020-10-03	0	14.247262	14.247262	276.329494	11.457981	2.34147
2020-10-04	0	11.8619698	11.8619698	313.672569	11.39322	1.649767
2020-10-05	0	12.3402194	12.3402194	203.47898	11.328513	1.65062
2020-10-06	0	12.5705522	12.5705522	148.635184	11.263866	1.682833
2020-10-07	1.04	12.2496352	12.2496352	207.552913	11.199287	1.612556
2020-10-08	0.06	12.5464262	12.5464262	136.921676	11.134783	1.717814
2020-10-09	2.18	12.3719676	12.3719676	52.363935	11.070362	1.793904
2020-10-10	0.02	10.000842	10.000842	190.241496	11.006031	1.375051
2020-10-11	0.02	9.8940916	9.8940916	187.479395	10.941799	1.11001
2020-10-12	0.2	10.2771328	10.2771328	145.900313	10.877676	1.057322
2020-10-13	0	10.149549	10.149549	235.627507	10.81367	0.972107
2020-10-14	20.22	9.528889	9.528889	23.170796	10.749791	0.983352
2020-10-15	2.62	9.7005208	9.7005208	25.897416	10.68605	1.103203
2020-10-16	0.82	9.8736514	9.8736514	116.831253	10.622456	1.087497
2020-10-17	0.42	9.4561572	9.4561572	74.558425	10.559021	0.878081
2020-10-18	0.06	10.074288	10.074288	140.123217	10.495757	0.967006
2020-10-19	0	9.9813772	9.9813772	152.610152	10.432675	1.096722
2020-10-20	0	9.8635704	9.8635704	209.937887	10.369789	1.199576
2020-10-21	0.76	12.1863886	12.1863886	102.846515	10.307112	1.769478
2020-10-22	0	13.720457	13.720457	189.120744	10.244657	2.151284
2020-10-23	0	12.9272338	12.9272338	69.286823	10.18244	1.83074
2020-10-24	0.02	12.6311978	12.6311978	177.618762	10.120475	1.636226
2020-10-25	0	12.0745368	12.0745368	208.511862	10.058779	1.618562
2020-10-26	2.3	10.4720834	10.4720834	45.697992	9.997368	1.214506
2020-10-27	0.04	9.6985882	9.6985882	132.579241	9.936259	1.063785
2020-10-28	0.12	10.8510124	10.8510124	90.009407	9.87547	1.253978
2020-10-29	1.56	10.0681016	10.0681016	168.464593	9.815021	1.188175
2020-10-30	5.58	11.958843	11.958843	18.973361	9.75493	1.400491
2020-10-31	0.02	12.5704554	12.5704554	45.639448	9.695218	1.48785
2020-11-01	0.54	12.7718688	12.7718688	58.288789	9.635907	1.538478
2020-11-02	0.26	16.2029164	16.2029164	137.449651	9.577017	2.134708
2020-11-03	0.04	11.5767884	11.5767884	124.349358	9.518572	1.405261
2020-11-04	0	7.8218578	7.8218578	184.989618	9.460595	0.872844
2020-11-05	0	5.9796004	5.9796004	180.999622	9.403111	0.608986
2020-11-06	0	6.9614512	6.9614512	71.206172	9.346145	0.673995
2020-11-07	0.2	6.8250286	6.8250286	184.611469	9.289722	0.463896
2020-11-08	0	7.385972	7.385972	172.451822	9.233871	0.543424
2020-11-09	0	4.857414	4.857414	154.01394	9.178617	0.402264
2020-11-10	0	4.4139996	4.4139996	118.967082	9.123991	0.253484
2020-11-11	0.06	6.8075516	6.8075516	31.217362	9.070021	0.512784
2020-11-12	0	8.3753514	8.3753514	103.751345	9.016738	0.808787
2020-11-13	0	8.2502716	8.2502716	106.058384	8.964171	0.841301
2020-11-14	0.34	10.991319	10.991319	114.485425	8.912354	1.151037
2020-11-15	0	10.0671582	10.0671582	126.56987	8.861318	1.145153
2020-11-16	0.44	10.1927888	10.1927888	128.376247	8.811096	1.051247
2020-11-17	0.82	9.7963362	9.7963362	15.241095	8.761722	0.943325
2020-11-18	0	9.7169672	9.7169672	111.937557	8.71323	0.990031
2020-11-19	1.38	8.3325978	8.3325978	61.743098	8.665656	0.894224
2020-11-20	0	3.902812	3.902812	93.007555	8.619034	0.265306
2020-11-21	0.04	4.1757346	4.1757346	78.941335	8.5734	0.227975
2020-11-22	0	7.3842818	7.3842818	40.738695	8.52879	0.58838
2020-11-23	0	6.0867876	6.0867876	109.193142	8.485242	0.559857
2020-11-24	0	3.2063766	3.2063766	104.910805	8.442791	0.306068
2020-11-25	0	4.3257574	4.3257574	116.348132	8.401475	0.256444
2020-11-26	0	4.539305	4.539305	46.695005	8.361331	0.333542
2020-11-27	0	3.0193106	3.0193106	81.543864	8.322395	0.326466
2020-11-28	0.08	3.6045248	3.6045248	40.236349	8.284704	0.133373
2020-11-29	0	3.2428638	3.2428638	50.680963	8.248296	0.142594
2020-11-30	0	3.6189116	3.6189116	87.680389	8.213205	0.085591
2020-12-01	0.52	3.0395424	3.0395424	45.624289	8.179469	0.100394
2020-12-02	0.02	1.0072562	1.0072562	90.905454	8.147122	0
2020-12-03	0	1.4305954	1.4305954	70.740306	8.116199	0
2020-12-04	0.04	1.2958094	1.2958094	56.501234	8.086734	0.019521
2020-12-05	0.04	2.6256072	2.6256072	49.692243	8.05876	0.077704
2020-12-06	0	2.8681126	2.8681126	60.41555	8.032309	0.254098
2020-12-07	0	4.647077	4.647077	64.744637	8.007411	0.401389
2020-12-08	0	3.4722908	3.4722908	81.727163	7.984097	0.217572
2020-12-09	1.84	3.6291716	3.6291716	40.045594	7.962394	0.235262
2020-12-10	0.02	2.6270942	2.6270942	20.630617	7.942329	0.096713
2020-12-11	0.02	3.1795998	3.1795998	54.238277	7.923927	0.154095
2020-12-12	0.44	4.4377308	4.4377308	21.089201	7.907211	0.166478
2020-12-13	0	5.4696114	5.4696114	27.937603	7.892204	0.377783
2020-12-14	0	5.4510754	5.4510754	73.023913	7.878924	0.396757
2020-12-15	0.36	6.341498	6.341498	32.213457	7.867389	0.518911
2020-12-16	0	7.5179946	7.5179946	47.978775	7.857614	0.632743
2020-12-17	0	5.0856762	5.0856762	66.669001	7.849614	0.489105
2020-12-18	0	4.347408	4.347408	84.083145	7.843399	0.399432
2020-12-19	0.06	3.7811044	3.7811044	83.492501	7.838978	0.350314
2020-12-20	0.56	4.431527	4.431527	45.515835	7.836358	0.363666
2020-12-21	0	5.5159076	5.5159076	74.506236	7.835542	0.433375
2020-12-22	1.7	9.9378156	9.9378156	51.610443	7.836533	0.955376
2020-12-23	3.66	7.7557108	7.7557108	46.91808	7.839329	0.860866
2020-12-24	0.54	5.7955084	5.7955084	57.736692	7.843929	0.54352
2020-12-25	1.04	3.3275976	3.3275976	60.560066	7.850326	0.113481
2020-12-26	0	2.5911446	2.5911446	58.010623	7.858514	0.015779
2020-12-27	0	3.0946922	3.0946922	60.488517	7.868482	0.109443
2020-12-28	0.78	3.509802	3.509802	65.660008	7.880217	0.182292
2020-12-29	0	3.1359538	3.1359538	48.609471	7.893706	0.092566
2020-12-30	0	3.4549182	3.4549182	71.560382	7.908932	0.123134
2020-12-31	0	3.598882	3.598882	71.118758	7.925877	0.091474
2021-01-01	1.04	3.031492	3.031492	49.788489	7.944519	0.112849
2021-01-02	0	2.8218104	2.8218104	51.581392	7.964837	0.006709
2021-01-03	3.78	2.196712	2.196712	24.003652	7.986806	0.011506
2021-01-04	0.7	2.2251552	2.2251552	21.102848	8.010401	0.014555
2021-01-05	0.82	2.919862	2.919862	38.679988	8.035593	0.032461
2021-01-06	0.52	3.9439438	3.9439438	42.498235	8.062355	0.068361
2021-01-07	0	3.8452514	3.8452514	58.409411	8.090656	0.020315
2021-01-08	0.34	3.4421842	3.4421842	63.709931	8.120465	0.020963
2021-01-09	1.76	3.1309918	3.1309918	37.667533	8.151748	0.001334
2021-01-10	0.16	1.692263	1.692263	54.199919	8.184474	0
2021-01-11	0.08	3.1620448	3.1620448	58.206199	8.218607	0
2021-01-12	0.5	3.6915818	3.6915818	23.986797	8.254113	0.128792
2021-01-13	0.3	3.6277852	3.6277852	87.716012	8.290955	0.052757
2021-01-14	0.16	3.2826344	3.2826344	73.510857	8.329099	0
2021-01-15	0.08	2.7427962	2.7427962	68.042105	8.368507	0
2021-01-16	0.08	1.7289922	1.7289922	98.953481	8.409142	0
2021-01-17	0	1.3202034	1.3202034	112.621731	8.450969	0
2021-01-18	0.08	3.4891152	3.4891152	67.914278	8.493949	0.082133
2021-01-19	1.04	4.1008396	4.1008396	25.843987	8.538045	0.298391
2021-01-20	0	5.1053762	5.1053762	66.794086	8.583222	0.554941
2021-01-21	0.14	5.7376092	5.7376092	114.178633	8.629442	0.898478
2021-01-22	0.22	4.5440094	4.5440094	34.891884	8.676669	0.65033
2021-01-23	2.58	2.1952648	2.1952648	54.521231	8.724867	0.112396
2021-01-24	1.9	1.2227706	1.2227706	51.208343	8.774	0.004141
2021-01-25	0.06	0.282486	0.282486	92.97969	8.824034	0
2021-01-26	0.1	0.4769486	0.4769486	72.227555	8.874932	0
2021-01-27	0	0.6386214	0.6386214	145.364105	8.926663	0.046873
2021-01-28	4.06	0.6248774	0.6248774	30.949039	8.979191	0.226045
2021-01-29	4.76	-0.0898244	-0.0898244	23.889525	9.032485	0.064511
2021-01-30	0.5	-1.0455282	-1.0455282	82.553856	9.086512	0.002595
2021-01-31	0.04	-2.46169	-2.46169	171.531871	9.141241	0
2021-02-01	0.32	-1.7230162	-1.7230162	85.312768	9.196641	0
2021-02-02	0.28	1.650531	1.650531	53.777961	9.252683	0.385653
2021-02-03	3.04	7.3332232	7.3332232	60.369327	9.309338	0.884976
2021-02-04	0.94	5.5592092	5.5592092	86.624859	9.366578	0.687265
2021-02-05	0.16	2.3586736	2.3586736	76.558635	9.424374	0.269469
2021-02-06	0.48	0.4031482	0.4031482	58.29435	9.482702	0
2021-02-07	2.56	-3.1271682	-3.1271682	75.540159	9.541534	0
2021-02-08	1.12	-5.5463192	-5.5463192	72.991415	9.600847	0
2021-02-09	0.6	-7.9840318	-7.9840318	162.744744	9.660616	0
2021-02-10	0	-5.6679644	-5.6679644	139.603511	9.720818	0
2021-02-11	0.9	-2.8369168	-2.8369168	152.233732	9.781431	0
2021-02-12	0.08	-5.1996196	-5.1996196	142.357941	9.842432	0
2021-02-13	0.02	-6.4284012	-6.4284012	164.341667	9.903802	0
2021-02-14	0.1	-7.3637748	-7.3637748	245.871593	9.96552	0
2021-02-15	0.52	-2.9291854	-2.9291854	140.235483	10.027568	0
2021-02-16	5.54	2.8985322	2.8985322	128.869477	10.089926	0.336463
2021-02-17	0.18	4.4877082	4.4877082	106.454314	10.152577	0.521928
2021-02-18	0	4.8590626	4.8590626	185.580923	10.215504	0.611899
2021-02-19	0.02	4.3295834	4.3295834	251.9739	10.27869	0.74787
2021-02-20	0	5.0614488	5.0614488	228.355567	10.34212	0.900434
2021-02-21	0	6.3152938	6.3152938	262.734004	10.40578	1.229556
2021-02-22	0	5.0424906	5.0424906	269.330267	10.469653	0.841559
2021-02-23	0	6.9686458	6.9686458	258.103783	10.533728	1.379766
2021-02-24	0	9.9753168	9.9753168	269.958848	10.597991	1.646697
2021-02-25	0	8.3064394	8.3064394	283.474359	10.662428	1.59512
2021-02-26	3.36	5.0266572	5.0266572	74.347571	10.727029	0.837479
2021-02-27	0.08	3.3910416	3.3910416	84.890775	10.791782	0.499061
2021-02-28	0.06	4.003646	4.003646	265.25731	10.856675	0.605853
2021-03-01	0.08	2.0108146	2.0108146	225.855566	10.921698	0.419375
2021-03-02	0.06	3.1170834	3.1170834	280.663265	10.986842	0.51093
2021-03-03	0	6.1891668	6.1891668	317.768263	11.052095	0.846802
2021-03-04	1.52	3.7974998	3.7974998	159.941352	11.11745	0.691097
2021-03-05	0.28	1.7133334	1.7133334	265.016258	11.182898	0.197325
2021-03-06	0	1.8691668	1.8691668	264.982405	11.248429	0.032659
2021-03-07	0	1.5229168	1.5229168	279.148769	11.314037	0.192861
2021-03-08	0.28	1.7562498	1.7562498	292.40763	11.379712	0.223357
2021-03-09	0	2.132708	2.132708	214.993942	11.445448	0.141554
2021-03-10	0.18	4.1845834	4.1845834	252.932955	11.511237	0.406727
2021-03-11	2.86	8.1109014	8.1109014	138.029094	11.577072	1.085631
2021-03-12	2.54	6.765	6.765	300.742403	11.642947	0.949385
2021-03-13	2.68	6.2306248	6.2306248	197.622814	11.708855	0.886408
2021-03-14	0.12	5.1402084	5.1402084	234.821891	11.774789	0.686431
2021-03-15	2.3	4.9158332	4.9158332	223.794976	11.840744	0.544759
2021-03-16	0	5.0300594	5.0300594	272.101277	11.906714	0.526161
2021-03-17	0.48	1.8129166	1.8129166	257.06058	11.972692	0.277574
2021-03-18	1.18	1.9420836	1.9420836	278.552234	12.038673	0.29436
2021-03-19	0.64	1.0518752	1.0518752	306.679532	12.10465	0.078466
2021-03-20	0.02	0.1708334	0.1708334	262.023012	12.170619	0
2021-03-21	0	4.7281248	4.7281248	138.518792	12.236574	0.588934
2021-03-22	0	5.1125	5.1125	242.706007	12.30251	0.570438
2021-03-23	0.24	5.1497918	5.1497918	159.159992	12.368419	0.759317
2021-03-24	0	8.0027084	8.0027084	430.653684	12.434298	1.072346
2021-03-25	0	9.4654166	9.4654166	352.321724	12.50014	1.378654
2021-03-26	0	9.7131252	9.7131252	346.558148	12.56594	1.419438
2021-03-27	1.26	5.9752084	5.9752084	334.843458	12.631692	1.045583
2021-03-28	0	7.385625	7.385625	326.340282	12.69739	1.120863
2021-03-29	0	12.9664584	12.9664584	394.322839	12.763028	1.993556
2021-03-30	0	12.5081248	12.5081248	484.605811	12.8286	2.060942
2021-03-31	0	12.4820066	12.4820066	483.412465	12.8941	2.133196
2021-04-01	0	11.674375	11.674375	373.937727	12.959522	1.961791
2021-04-02	0	6.7460416	6.7460416	307.049346	13.024858	1.100194
2021-04-03	0	5.9689584	5.9689584	390.774961	13.090102	0.851831
2021-04-04	0	4.855	4.855	419.118516	13.155247	0.721306
2021-04-05	2.9	2.7133332	2.7133332	132.089331	13.220285	0.503868
2021-04-06	0.44	1.5029168	1.5029168	456.074832	13.28521	0.216803
2021-04-07	0.74	2.9835414	2.9835414	464.846983	13.350013	0.373879
2021-04-08	0	3.2972918	3.2972918	387.058608	13.414686	0.504562
2021-04-09	0	6.7931248	6.7931248	407.612399	13.47922	1.073232
2021-04-10	4.82	6.6331252	6.6331252	180.077071	13.543607	1.081065
2021-04-11	1.7	10.5687502	10.5687502	458.472783	13.607837	1.744448
2021-04-12	3.34	3.4083334	3.4083334	259.077833	13.671902	0.644989
2021-04-13	0.1	3.4383334	3.4383334	494.446476	13.73579	0.593799
2021-04-14	0	3.2570834	3.2570834	488.463346	13.799491	0.531075
2021-04-15	0.1	4.335	4.335	355.710483	13.862996	0.461102
2021-04-16	0	5.6591666	5.6591666	267.269648	13.926291	0.760153
2021-04-17	0	6.4083334	6.4083334	229.387816	13.989366	0.929941
2021-04-18	2.7	7.49875	7.49875	192.176575	14.052209	1.200642
2021-04-19	0.04	8.8541668	8.8541668	284.979842	14.114806	1.437484
2021-04-20	0.6	10.900625	10.900625	488.668506	14.177144	1.805975
2021-04-21	0	10.6064582	10.6064582	568.715535	14.239209	1.79469
2021-04-22	0	6.2728114	6.2728114	389.443869	14.300987	1.055065
2021-04-23	0	6.394375	6.394375	362.92199	14.362463	1.099814
2021-04-24	0	5.7095834	5.7095834	490.537423	14.42362	1.128597
2021-04-25	0	5.2458334	5.2458334	499.67723	14.484444	1.101824
2021-04-26	0	4.62	4.62	571.790383	14.544918	0.888207
2021-04-27	0	6.6295834	6.6295834	589.333715	14.605022	1.107999
2021-04-28	0.02	10.6960418	10.6960418	651.349191	14.664741	1.84639
2021-04-29	1.82	12.2160416	12.2160416	513.250044	14.724054	2.198613
2021-04-30	0	8.1670832	8.1670832	220.290677	14.782942	1.560182
2021-05-01	0	10.9983332	10.9983332	393.760417	14.841386	1.826708
2021-05-02	7.5	7.4808334	7.4808334	274.457813	14.899365	1.475218
2021-05-03	0	8.7564586	8.7564586	582.230899	14.956856	1.458911
2021-05-04	2.74	9.7016666	9.7016666	270.722091	15.013838	1.938796
2021-05-05	0.82	7.56125	7.56125	538.958674	15.070289	1.49746
2021-05-06	0.14	7.8177084	7.8177084	526.093677	15.126184	1.351363
2021-05-07	1.96	6.9560418	6.9560418	504.784356	15.1815	1.301494
2021-05-08	0.02	11.0145834	11.0145834	526.382035	15.236212	1.885835
2021-05-09	0	18.5147916	18.5147916	665.848309	15.290293	3.597536
2021-05-10	0	19.2729166	19.2729166	625.139563	15.343719	3.964727
2021-05-11	3.44	16.6185418	16.6185418	505.427883	15.396462	3.529892
2021-05-12	10.22	12.4230388	12.4230388	74.146514	15.448496	2.503084
2021-05-13	1	11.3602888	11.3602888	110.769828	15.499791	2.078107
2021-05-14	1.84	11.3014014	11.3014014	391.077305	15.55032	2.379985
2021-05-15	0.12	12.2288648	12.2288648	595.95358	15.600053	2.373228
2021-05-16	1.76	12.5245836	12.5245836	573.908875	15.648961	2.458963
2021-05-17	0.6	13.0997984	13.0997984	589.828758	15.697014	2.547815
2021-05-18	0.74	12.6829166	12.6829166	542.052015	15.744181	2.416323
2021-05-19	1.7	11.9254164	11.9254164	583.451815	15.790432	2.302745
2021-05-20	0.06	12.6289584	12.6289584	559.538056	15.835736	2.458835
2021-05-21	0	14.52625	14.52625	559.140577	15.88006	2.991801
2021-05-22	0.38	12.6857718	12.6857718	579.005569	15.923374	2.585572
2021-05-23	0.02	12.4414014	12.4414014	555.599168	15.965645	2.441369
2021-05-24	0	15.3190042	15.3190042	632.213532	16.006841	3.187299
2021-05-25	0.84	11.7079166	11.7079166	588.857169	16.046931	2.433346
2021-05-26	5.34	10.464375	10.464375	401.624181	16.085882	2.225243
2021-05-27	1.9	10.6845834	10.6845834	387.71313	16.123663	2.219632
2021-05-28	0.46	12.91875	12.91875	565.435253	16.160243	2.570856
2021-05-29	0	11.8539582	11.8539582	481.112892	16.195588	2.377593
2021-05-30	0	13.7814584	13.7814584	694.734549	16.22967	2.753792
2021-05-31	0	14.05375	14.05375	755.24397	16.262456	2.912041
2021-06-01	0	17.0642458	17.0642458	670.260902	16.293918	3.517323
2021-06-02	0	19.091875	19.091875	700.810474	16.324026	3.963288
2021-06-03	0	20.2387502	20.2387502	647.071801	16.35275	4.45754
2021-06-04	0	21.82875	21.82875	496.377996	16.380064	4.45278
2021-06-05	0	20.4410416	20.4410416	542.864993	16.40594	4.495802
2021-06-06	0	19.0470834	19.0470834	435.608008	16.430352	4.268904
2021-06-07	0	18.7664582	18.7664582	437.351798	16.453276	4.092295
2021-06-08	0	19.484375	19.484375	598.346999	16.474688	4.204763
2021-06-09	0	20.5554166	20.5554166	607.151329	16.494565	4.36301
2021-06-10	1.54	20.4458332	20.4458332	625.924749	16.512887	4.487349
2021-06-11	0	21.9677972	21.9677972	615.2679	16.529634	4.710377
2021-06-12	0	19.3045176	19.3045176	466.496192	16.544788	4.270743
2021-06-13	0	14.9722914	14.9722914	358.761853	16.558333	3.209598
2021-06-14	0.02	18.984292	18.984292	752.038061	16.570254	3.918353
2021-06-15	0	19.9210418	19.9210418	612.367198	16.580538	4.439551
2021-06-16	0	22.5729168	22.5729168	635.285609	16.589174	4.885452
2021-06-17	0	25.2420834	25.2420834	745.373196	16.596153	5.778628
2021-06-18	0	25.6764584	25.6764584	736.447148	16.601467	5.929193
2021-06-19	0	27.0329166	27.0329166	627.532525	16.60511	5.948685
2021-06-20	0	26.2422918	26.2422918	549.151572	16.607079	5.810381
2021-06-21	5.12	23.5339584	23.5339584	573.739658	16.607372	5.375193
2021-06-22	0	17.0285418	17.0285418	353.796358	16.60599	4.047728
2021-06-23	0.84	17.3079166	17.3079166	358.928685	16.602935	4.12762
2021-06-24	3.98	16.6285416	16.6285416	321.060096	16.598211	3.998672
2021-06-25	3.2	17.464375	17.464375	285.560604	16.591824	3.775057
2021-06-26	0	19.9135418	19.9135418	625.591897	16.583782	4.262466
2021-06-27	0	21.3727086	21.3727086	631.813337	16.574096	4.663076
2021-06-28	0	23.7570832	23.7570832	615.121473	16.562776	5.497749
2021-06-29	0.92	21.3689586	21.3689586	273.955909	16.549837	4.651161
2021-06-30	12.96	18.3695834	18.3695834	336.429877	16.535294	4.118602
2021-07-01	0.02	15.9324998	15.9324998	176.512524	16.519163	3.425467
2021-07-02	0	17.0641668	17.0641668	272.915904	16.501464	3.628434
2021-07-03	0	18.8654164	18.8654164	525.80105	16.482215	4.046731
2021-07-04	0	21.435625	21.435625	569.55333	16.461439	4.542075
2021-07-05	0	20.5889584	20.5889584	478.126206	16.439158	4.279572
2021-07-06	1.96	21.1772916	21.1772916	502.019975	16.415397	4.70533
2021-07-07	2.06	19.31625	19.31625	415.508111	16.39018	4.335304
2021-07-08	1.3	18.0391668	18.0391668	249.829851	16.363533	4.079253
2021-07-09	20.8	15.3172916	15.3172916	110.98687	16.335485	3.483832
2021-07-10	0.02	19.3985416	19.3985416	558.371452	16.306062	4.188263
2021-07-11	0.26	19.9368748	19.9368748	399.135164	16.275295	4.410149
2021-07-12	0	21.3177084	21.3177084	484.225655	16.243212	4.6019
2021-07-13	14.06	22.0541666	22.0541666	523.029388	16.209844	4.837689
2021-07-14	6.62	19.1733334	19.1733334	373.951326	16.175221	4.362716
2021-07-15	0	20.7477084	20.7477084	482.154288	16.139375	4.316306
2021-07-16	0	20.61625	20.61625	568.176761	16.102338	4.622511
2021-07-17	12.18	21.0702084	21.0702084	380.271034	16.06414	4.775843
2021-07-18	0	21.1360418	21.1360418	631.578316	16.024813	4.604939
2021-07-19	0	18.3103682	18.3103682	465.44718	15.984391	3.930792
2021-07-20	0	17.591555	17.591555	382.586071	15.942904	3.710776
2021-07-21	0	18.1093748	18.1093748	391.206877	15.900385	4.027736
2021-07-22	0	19.634403	19.634403	433.515164	15.856866	4.221076
2021-07-23	0	19.8583334	19.8583334	514.185468	15.812377	4.312394
2021-07-24	0	21.8279168	21.8279168	597.9374	15.766951	4.85339
2021-07-25	4.54	22.3547918	22.3547918	553.078726	15.720619	4.953834
2021-07-26	0.14	22.2834926	22.2834926	543.267617	15.673411	4.860151
2021-07-27	0	22.363318	22.363318	559.511617	15.625357	4.616566
2021-07-28	2.38	19.8952362	19.8952362	440.87452	15.576489	4.347511
2021-07-29	0	19.2466668	19.2466668	487.603855	15.526834	4.154488
2021-07-30	0	20.4399998	20.4399998	561.156286	15.476422	4.302612
2021-07-31	0	19.5960416	19.5960416	468.116876	15.425281	4.19425
2021-08-01	2.14	16.8893752	16.8893752	400.838766	15.373439	3.683099
2021-08-02	1.42	18.1122322	18.1122322	404.031639	15.320924	3.522957
2021-08-03	0.14	17.9266668	17.9266668	438.612532	15.267761	3.468299
2021-08-04	4.72	18.3883332	18.3883332	562.293959	15.213976	3.593265
2021-08-05	11	16.9366614	16.9366614	350.4525	15.159596	3.483135
2021-08-06	1.22	17.5895346	17.5895346	435.006754	15.104644	3.678098
2021-08-07	1.94	18.7658332	18.7658332	419.773466	15.049144	3.967021
2021-08-08	0.7	17.985625	17.985625	546.042153	14.99312	3.745038
2021-08-09	0	17.614375	17.614375	478.010329	14.936595	3.646265
2021-08-10	0.68	18.2545834	18.2545834	457.626396	14.879589	3.762683
2021-08-11	0.04	18.4091668	18.4091668	447.178345	14.822125	3.741152
2021-08-12	0	19.666875	19.666875	510.667695	14.764223	4.141034
2021-08-13	0.18	22.4691666	22.4691666	525.772628	14.705903	4.670467
2021-08-14	0	21.0112448	21.0112448	584.552026	14.647183	4.463483
2021-08-15	0	20.1947918	20.1947918	575.44455	14.588083	4.286378
2021-08-16	1.9	17.7233334	17.7233334	412.190318	14.52862	3.709932
2021-08-17	0	15.3138306	15.3138306	283.307113	14.468812	2.862376
2021-08-18	0	16.3970834	16.3970834	296.410665	14.408675	3.236133
2021-08-19	0	17.3416668	17.3416668	228.412388	14.348225	3.57458
2021-08-20	0.02	17.93	17.93	400.670253	14.287478	3.707594
2021-08-21	0.02	18.6464582	18.6464582	429.062603	14.226447	3.810839
2021-08-22	10.34	17.5404164	17.5404164	359.142343	14.165149	3.755936
2021-08-23	11.1	14.5890902	14.5890902	140.865093	14.103595	3.040643
2021-08-24	0.02	16.7629314	16.7629314	305.762076	14.0418	2.947506
2021-08-25	1.7	16.2241666	16.2241666	543.600398	13.979775	3.030821
2021-08-26	2.76	14.8200002	14.8200002	331.134613	13.917533	2.769901
2021-08-27	6.72	13.0247916	13.0247916	175.009116	13.855085	2.333715
2021-08-28	0.92	14.9427084	14.9427084	326.209619	13.792443	2.594919
2021-08-29	9.14	15.1083334	15.1083334	129.334504	13.729616	2.553469
2021-08-30	6.98	15.4597918	15.4597918	208.692701	13.666616	2.738133
2021-08-31	0.04	15.6493748	15.6493748	309.77598	13.603452	2.889547
2021-09-01	0	16.0431252	16.0431252	345.250605	13.540133	2.921178
2021-09-02	0	16.4329166	16.4329166	325.295265	13.476668	3.035663
2021-09-03	0	17.555029	17.555029	477.412711	13.413065	3.150077
2021-09-04	0	14.06125	14.06125	451.953906	13.349334	2.638675
2021-09-05	0	13.605	13.605	463.340526	13.285481	2.687707
2021-09-06	0	16.7202084	16.7202084	466.617124	13.221515	2.980467
2021-09-07	0	17.1119792	17.1119792	427.811295	13.157443	3.055453
2021-09-08	0	16.9022916	16.9022916	476.158289	13.093271	3.164901
2021-09-09	0	18.89125	18.89125	463.143865	13.029006	3.436614
2021-09-10	0.28	20.3883332	20.3883332	429.30852	12.964655	3.78363
2021-09-11	0.12	19.0797918	19.0797918	330.518252	12.900224	3.405053
2021-09-12	0.04	17.5491666	17.5491666	312.311569	12.83572	3.159042
2021-09-13	0	16.6227084	16.6227084	375.485784	12.771147	2.854208
2021-09-14	0	17.6964694	17.6964694	411.49937	12.706512	3.102141
2021-09-15	5.02	18.202396	18.202396	140.288511	12.641821	3.23458
2021-09-16	0.4	17.2254166	17.2254166	239.684562	12.577078	2.909099
2021-09-17	0.18	15.5804312	15.5804312	232.529731	12.51229	2.582333
2021-09-18	0.8	14.8537788	14.8537788	104.45068	12.44746	2.331301
2021-09-19	0	13.2607636	13.2607636	181.554122	12.382595	2.020078
2021-09-20	0	12.8183734	12.8183734	212.551892	12.3177	1.956415
2021-09-21	0	14.0311912	14.0311912	254.543186	12.252779	1.940022
2021-09-22	0	14.5508844	14.5508844	168.759252	12.187838	2.226638
2021-09-23	0.08	16.5272442	16.5272442	368.4445	12.122882	2.547579
2021-09-24	0	16.0050626	16.0050626	161.705099	12.057915	2.671958
2021-09-25	0	17.0722556	17.0722556	169.633434	11.992943	2.634039
2021-09-26	2.38	18.1027818	18.1027818	285.433776	11.927971	2.73272
2021-09-27	29.12	18.1268498	18.1268498	193.789485	11.863004	2.800032
2021-09-28	1.42	15.2430012	15.2430012	224.042577	11.798048	2.345974
2021-09-29	0.32	13.9939444	13.9939444	210.093169	11.733108	2.026785
2021-09-30	0	12.4161376	12.4161376	310.485966	11.668189	1.690634
2021-10-01	0	13.9339558	13.9339558	350.010621	11.603297	1.972171
2021-10-02	0	16.1601072	16.1601072	320.168008	11.538438	2.33108
2021-10-03	0	18.3850082	18.3850082	176.27992	11.473619	2.929994
2021-10-04	0.34	14.1447016	14.1447016	44.932372	11.408845	2.050236
2021-10-05	5.76	12.949603	12.949603	52.094064	11.344123	1.75451
2021-10-06	0	12.879511	12.879511	254.729477	11.27946	1.804928
2021-10-07	0	11.3069398	11.3069398	308.447985	11.214862	1.505359
2021-10-08	0	10.3847918	10.3847918	225.274509	11.150338	1.690781
2021-10-09	0	7.849479	7.849479	317.884889	11.085894	1.149267
2021-10-10	0	6.1054166	6.1054166	318.233217	11.02154	0.909317
2021-10-11	0.84	8.1423958	8.1423958	103.041409	10.957282	1.114067
2021-10-12	4.42	8.091739	8.091739	131.918002	10.893131	1.114796
2021-10-13	0.02	8.3040624	8.3040624	217.042371	10.829094	0.996753
2021-10-14	1.8	10.3060768	10.3060768	57.204882	10.765182	1.378514
2021-10-15	0.24	9.6603094	9.6603094	126.074305	10.701405	1.388308
2021-10-16	0	8.1314584	8.1314584	185.620369	10.637773	1.053571
2021-10-17	0	8.7989758	8.7989758	175.484889	10.574297	1.063077
2021-10-18	0	10.0985768	10.0985768	206.627028	10.510989	1.324559
2021-10-19	0	11.888351	11.888351	154.624809	10.447861	1.628503
2021-10-20	0	16.4490876	16.4490876	126.85553	10.384925	2.053998
2021-10-21	2.7	12.705539	12.705539	190.955877	10.322194	1.697151
2021-10-22	1.38	7.9120834	7.9120834	192.057423	10.259683	0.992368
2021-10-23	0	7.1013544	7.1013544	192.905079	10.197406	0.901505
2021-10-24	0	5.9431248	5.9431248	240.283952	10.135377	0.766238
2021-10-25	0	6.5937498	6.5937498	192.738916	10.073613	0.929812
2021-10-26	0	9.31875	9.31875	156.079695	10.01213	1.295933
2021-10-27	0	9.9125	9.9125	139.347265	9.950944	1.374283
2021-10-28	0	8.9796184	8.9796184	187.010269	9.890075	1.096309
2021-10-29	0	8.489125	8.489125	213.285011	9.82954	1.060386
2021-10-30	0	8.9158332	8.9158332	179.768929	9.769359	1.165538
2021-10-31	0	12.0923886	12.0923886	178.389197	9.709552	1.597732
2021-11-01	0.3	9.392921	9.392921	50.076243	9.65014	1.34636
2021-11-02	0	7.715244	7.715244	109.07838	9.591145	0.970496
2021-11-03	0	6.9884644	6.9884644	88.258748	9.532588	0.843211
2021-11-04	20.06	6.4487868	6.4487868	10.899246	9.474494	0.733517
2021-11-05	3.28	7.0598764	7.0598764	86.670955	9.416887	0.843954
2021-11-06	0.02	7.5902348	7.5902348	157.334577	9.359791	0.799427
2021-11-07	0.82	7.3299178	7.3299178	54.288981	9.303233	0.854218
2021-11-08	0.02	7.5307566	7.5307566	103.335836	9.247239	0.895991
2021-11-09	0	6.9276042	6.9276042	149.809725	9.191837	0.703587
2021-11-10	0	2.6815902	2.6815902	139.995647	9.137054	0.32742
2021-11-11	0	3.103305	3.103305	165.294786	9.082921	0.283257
2021-11-12	0.08	2.2675002	2.2675002	89.69191	9.029467	0.385407
2021-11-13	0.02	5.945	5.945	105.243729	8.976722	0.626629
2021-11-14	0.04	6.8779166	6.8779166	83.959419	8.924719	0.709855
2021-11-15	0.02	5.0991864	5.0991864	44.880678	8.873489	0.497144
2021-11-16	0	4.2216666	4.2216666	62.92752	8.823065	0.378224
2021-11-17	0	5.3781248	5.3781248	58.593078	8.773481	0.590553
2021-11-18	0.68	7.5882788	7.5882788	87.873326	8.724771	0.782382
2021-11-19	0	9.2400002	9.2400002	32.104883	8.676969	1.055714
2021-11-20	0	9.3724688	9.3724688	50.722343	8.630112	1.023695
2021-11-21	0	6.998125	6.998125	25.150172	8.584233	0.687142
2021-11-22	0	2.8935416	2.8935416	81.387429	8.539371	0.306754
2021-11-23	0.34	3.2412498	3.2412498	34.886318	8.495561	0.240148
2021-11-24	0	5.329375	5.329375	54.18487	8.452839	0.498687
2021-11-25	0	1.9077082	1.9077082	96.829513	8.411244	0.222806
2021-11-26	0	2.5783576	2.5783576	83.209086	8.37081	0.253498
2021-11-27	0.74	2.5764584	2.5764584	49.183753	8.331577	0.177286
2021-11-28	0	0.6293748	0.6293748	89.965735	8.29358	0.02354
2021-11-29	0.08	1.8539584	1.8539584	74.857841	8.256856	0.081875
2021-11-30	0.72	3.5072454	3.5072454	16.184212	8.221441	0.31882
2021-12-01	1.6	6.639375	6.639375	30.625001	8.187372	0.628082
2021-12-02	0.38	2.2366666	2.2366666	93.060014	8.154684	0.219139
2021-12-03	0.06	-0.125648	-0.125648	98.265341	8.123412	0.017983
2021-12-04	2.34	1.9135418	1.9135418	91.484602	8.09359	0.194541
2021-12-05	0.02	3.3612502	3.3612502	89.830677	8.065251	0.234966
2021-12-06	0.44	0.8577204	0.8577204	42.950251	8.038427	0.017248
2021-12-07	0	1.5617828	1.5617828	47.012656	8.013149	0.076569
2021-12-08	0.46	1.3384212	1.3384212	27.391961	7.989447	0.05293
2021-12-09	1.28	0.1937502	0.1937502	34.446286	7.967351	0.062572
2021-12-10	0	0.3435416	0.3435416	66.340997	7.946885	0.070499
2021-12-11	0.04	-1.799212	-1.799212	70.975762	7.928078	0
2021-12-12	1.14	1.8502082	1.8502082	25.859659	7.910951	0.178488
2021-12-13	0.6	6.9475828	6.9475828	19.497995	7.895527	0.546795
2021-12-14	0	6.1922918	6.1922918	35.782971	7.881826	0.52225
2021-12-15	0	7.4537368	7.4537368	31.11423	7.869867	0.66704
2021-12-16	0	6.84625	6.84625	17.257273	7.859664	0.668822
2021-12-17	0	3.9752084	3.9752084	34.981309	7.851233	0.458891
2021-12-18	0.5	5.585	5.585	20.007415	7.844584	0.515943
2021-12-19	0	5.4247916	5.4247916	23.684722	7.839728	0.488026
2021-12-20	0	1.2104166	1.2104166	94.983674	7.836671	0.057124
2021-12-21	0	-0.2285416	-0.2285416	53.204417	7.835418	0
2021-12-22	0	-2.0429164	-2.0429164	88.666791	7.835971	0
2021-12-23	0.38	0.465	0.465	40.241016	7.838331	0.004923
2021-12-24	2.04	5.0266666	5.0266666	23.933463	7.842494	0.465983
2021-12-25	0.04	-4.24125	-4.24125	72.387479	7.848457	0
2021-12-26	0.06	-4.8333334	-4.8333334	72.37859	7.856213	0
2021-12-27	1.08	0.249691	0.249691	46.821504	7.865751	0.029796
2021-12-28	1.22	3.6683334	3.6683334	60.992447	7.87706	0.373847
2021-12-29	0.76	6.5229168	6.5229168	11.638403	7.890127	0.508738
2021-12-30	0.14	11.21375	11.21375	20.697208	7.904935	1.052221
2021-12-31	0	12.836875	12.836875	69.863145	7.921466	1.202386
2022-01-01	0.04	10.5236162	10.5236162	61.382159	7.9397	0.992783
2022-01-02	0.04	9.485715	9.485715	32.911626	7.959615	0.794837
2022-01-03	2.26	8.6116666	8.6116666	68.120997	7.981188	0.771521
2022-01-04	3.8	6.5760416	6.5760416	13.42399	8.004392	0.539566
2022-01-05	2.82	3.025625	3.025625	85.360454	8.029202	0.214634
2022-01-06	0.8	1.39	1.39	105.297725	8.055588	0.058289
2022-01-07	0.04	1.1016666	1.1016666	52.144002	8.08352	0.039822
2022-01-08	0.04	1.5806248	1.5806248	83.780471	8.112968	0.046479
2022-01-09	0.8	2.2775002	2.2775002	39.96306	8.1439	0.18868
2022-01-10	0.2	3.1741668	3.1741668	35.108324	8.176281	0.22907
2022-01-11	0.14	1.0891668	1.0891668	40.806254	8.210078	0.085916
2022-01-12	0.02	1.5695834	1.5695834	35.832369	8.245256	0.080435
2022-01-13	0.04	2.4627084	2.4627084	83.469096	8.28178	0.191713
2022-01-14	0.26	1.99875	1.99875	74.192751	8.319614	0.21867
2022-01-15	0.02	2.2552084	2.2552084	51.974287	8.358721	0.172109
2022-01-16	0.02	1.7543748	1.7543748	60.737952	8.399065	0.086101
2022-01-17	0.7	4.2983334	4.2983334	20.272078	8.440608	0.327977
2022-01-18	0.28	3.8191668	3.8191668	43.25862	8.483314	0.223715
2022-01-19	0.04	3.373125	3.373125	101.335507	8.527146	0.164656
2022-01-20	1.02	1.2614584	1.2614584	116.004851	8.572067	0.088825
2022-01-21	0.62	0.3391664	0.3391664	111.60868	8.61804	0.008001
2022-01-22	2.86	4.5229166	4.5229166	24.916875	8.665029	0.372024
2022-01-23	1.06	4.4941668	4.4941668	28.070343	8.712998	0.393463
2022-01-24	0.44	5.0883334	5.0883334	28.645548	8.76191	0.39119
2022-01-25	0.04	2.8358334	2.8358334	50.451086	8.811731	0.201955
2022-01-26	0.06	1.4072916	1.4072916	69.415179	8.862426	0.115497
2022-01-27	0.92	2.8857784	2.8857784	36.041006	8.91396	0.1907
2022-01-28	0.04	3.7093662	3.7093662	99.772013	8.966301	0.276069
2022-01-29	2.14	5.764109	5.764109	48.403313	9.019414	0.462523
2022-01-30	0.06	4.8533334	4.8533334	119.139725	9.073269	0.437597
2022-01-31	3.62	2.12375	2.12375	48.998872	9.127834	0.138624
2022-02-01	0.8	3.2120834	3.2120834	71.431148	9.183077	0.203522
2022-02-02	0.5	4.4110416	4.4110416	141.170659	9.238969	0.40535
2022-02-03	1.08	5.0135416	5.0135416	40.383762	9.29548	0.420461
2022-02-04	0.16	6.16125	6.16125	64.798828	9.352583	0.575563
2022-02-05	0	4.2258336	4.2258336	157.934868	9.41025	0.369601
2022-02-06	0.56	5.7600002	5.7600002	89.014687	9.468454	0.439625
2022-02-07	1.16	2.8533336	2.8533336	162.0259	9.527169	0.299145
2022-02-08	0	5.920188	5.920188	49.666542	9.58637	0.50961
2022-02-09	0	8.2779168	8.2779168	79.223619	9.646034	0.8329
2022-02-10	2.14	6.4504458	6.4504458	115.596235	9.706135	0.617107
2022-02-11	4.92	2.7556252	2.7556252	120.802089	9.766653	0.276458
2022-02-12	0.02	0.9016666	0.9016666	214.478971	9.827565	0.061129
2022-02-13	0	3.8220834	3.8220834	230.141438	9.88885	0.309058
2022-02-14	0	7.659375	7.659375	225.10023	9.950489	0.724659
2022-02-15	0	6.3310416	6.3310416	176.812382	10.012461	0.636046
2022-02-16	0.74	8.4322918	8.4322918	60.84854	10.074748	0.776209
2022-02-17	6.34	7.9025002	7.9025002	200.169704	10.137332	0.929627
2022-02-18	1.24	7.3304168	7.3304168	58.246947	10.200196	0.7971
2022-02-19	0	5.961875	5.961875	223.642468	10.263324	0.569576
2022-02-20	1.5	7.0591668	7.0591668	67.279071	10.326699	0.661414
2022-02-21	1.72	5.8970832	5.8970832	199.939704	10.390307	0.591181
2022-02-22	0.7	6.0468752	6.0468752	179.452279	10.454132	0.569502
2022-02-23	0	5.9935416	5.9935416	236.637804	10.518162	0.650695
2022-02-24	0.48	6.0752086	6.0752086	167.784224	10.582383	0.699759
2022-02-25	0.28	3.473125	3.473125	219.573988	10.646782	0.330003
2022-02-26	0	3.1816666	3.1816666	192.139814	10.711347	0.398786
2022-02-27	0	1.0928708	1.0928708	288.744136	10.776066	0.24939
2022-02-28	0	0.2777084	0.2777084	291.495344	10.840929	0.049325
2022-03-01	0	0.1221658	0.1221658	316.454132	10.905924	0.052112
2022-03-02	0	0.6058332	0.6058332	273.784814	10.971042	0.181639
2022-03-03	0	0.6060416	0.6060416	325.97027	11.036272	0.084041
2022-03-04	0	0.66875	0.66875	114.839459	11.101606	0.002828
2022-03-05	0	0.8622916	0.8622916	256.560601	11.167034	0.044296
2022-03-06	0	-0.2775002	-0.2775002	175.677139	11.232549	0
2022-03-07	0	1.575	1.575	302.229403	11.298141	0.037729
2022-03-08	0	1.6552084	1.6552084	351.509822	11.363803	0.118709
2022-03-09	0	2.3883334	2.3883334	358.114484	11.429527	0.258873
2022-03-10	0	3.4741666	3.4741666	365.487506	11.495306	0.259045
2022-03-11	0	3.2597918	3.2597918	381.774734	11.561134	0.198569
2022-03-12	0	2.4679168	2.4679168	377.602245	11.627002	0.316068
2022-03-13	0	3.8426292	3.8426292	389.856498	11.692905	0.353351
2022-03-14	3.98	3.5635418	3.5635418	186.490249	11.758836	0.403315
2022-03-15	4.78	5.2921262	5.2921262	188.490629	11.824789	0.663666
2022-03-16	0.04	7.4272916	7.4272916	299.987363	11.890758	0.838983
2022-03-17	0	6.4266668	6.4266668	238.04954	11.956737	0.919079
2022-03-18	0	6.2114584	6.2114584	327.61656	12.02272	0.816696
2022-03-19	0	5.23125	5.23125	349.713524	12.088702	0.596482
2022-03-20	0	6.4277084	6.4277084	429.872004	12.154676	0.703956
2022-03-21	0	4.9972918	4.9972918	441.605636	12.220637	0.626968
2022-03-22	0	5.9189584	5.9189584	448.963499	12.28658	0.773972
2022-03-23	0	7.8419188	7.8419188	448.122362	12.352499	0.992177
2022-03-24	0	7.83625	7.83625	450.720799	12.418388	0.870929
2022-03-25	0	7.8823138	7.8823138	454.638658	12.484242	0.907265
2022-03-26	0	11.0883334	11.0883334	440.137566	12.550056	1.256918
2022-03-27	0	10.8433334	10.8433334	277.00958	12.615822	1.518179
2022-03-28	0	10.7466666	10.7466666	374.922519	12.681536	1.410056
2022-03-29	0	7.37375	7.37375	341.603503	12.747192	1.03977
2022-03-30	0.22	4.3508334	4.3508334	181.526019	12.812783	0.542464
2022-03-31	0.6	2.8752082	2.8752082	166.691808	12.878303	0.3064
2022-04-01	0	2.70375	2.70375	132.020794	12.943747	0.226728
2022-04-02	0	2.0979166	2.0979166	238.751887	13.009107	0.225157
2022-04-03	0	2.1329166	2.1329166	367.990205	13.074376	0.164627
2022-04-04	0	4.3727084	4.3727084	260.406837	13.139548	0.33373
2022-04-05	0.6	8.4062502	8.4062502	110.821099	13.204616	0.918875
2022-04-06	0.36	10.8037502	10.8037502	283.766831	13.269571	1.499416
2022-04-07	6.2	10.1533332	10.1533332	252.270491	13.334407	1.50688
2022-04-08	0	6.9414584	6.9414584	317.2237	13.399114	0.910776
2022-04-09	0	5.6464584	5.6464584	452.510772	13.463685	0.674281
2022-04-10	0	5.2587498	5.2587498	459.918842	13.528111	0.590115
2022-04-11	0	6.4229166	6.4229166	534.329573	13.592383	0.828318
2022-04-12	0	10.0375	10.0375	508.625546	13.656491	1.344041
2022-04-13	0	12.775	12.775	489.275741	13.720425	2.04371
2022-04-14	0.74	12.1143926	12.1143926	348.912655	13.784175	1.907828
2022-04-15	0.04	8.6958334	8.6958334	169.234357	13.847731	1.33063
2022-04-16	0	6.5445834	6.5445834	494.681035	13.91108	0.910084
2022-04-17	0	7.184295	7.184295	535.555244	13.974212	0.933553
2022-04-18	0	8.5543752	8.5543752	596.489576	14.037115	1.195617
2022-04-19	0	7.8961776	7.8961776	511.377522	14.099775	1.131942
2022-04-20	0	7.3875	7.3875	280.646853	14.162179	1.105112
2022-04-21	0	8.7662502	8.7662502	98.236747	14.224314	1.126485
2022-04-22	0.04	11.5527084	11.5527084	394.54859	14.286165	1.665619
2022-04-23	0.02	11.6789584	11.6789584	596.505747	14.347718	1.814977
2022-04-24	0.28	9.815625	9.815625	417.519378	14.408957	1.751712
2022-04-25	0.78	8.1870834	8.1870834	325.11819	14.469865	1.463688
2022-04-26	0	9.2927082	9.2927082	472.313926	14.530427	1.738072
2022-04-27	0	11.7847918	11.7847918	512.857	14.590625	1.762356
2022-04-28	0	11.1352082	11.1352082	432.979355	14.650441	1.868386
2022-04-29	0	11.3420834	11.3420834	590.862507	14.709857	2.001041
2022-04-30	0	12.1297916	12.1297916	508.916702	14.768852	2.123384
2022-05-01	0	11.971667	11.971667	576.822777	14.827408	2.038635
2022-05-02	0	13.0427082	13.0427082	605.574395	14.885503	2.223331
2022-05-03	0	13.138125	13.138125	534.87405	14.943116	2.295012
2022-05-04	4.34	12.4689582	12.4689582	491.390971	15.000226	2.270309
2022-05-05	0.04	13.368125	13.368125	495.488563	15.05681	2.393847
2022-05-06	0	13.4456252	13.4456252	465.393748	15.112844	2.36847
2022-05-07	0	15.7808334	15.7808334	556.736482	15.168304	2.750189
2022-05-08	0	13.778125	13.778125	530.505137	15.223167	2.568757
2022-05-09	0	14.4302084	14.4302084	676.489906	15.277405	2.634371
2022-05-10	0	18.7129166	18.7129166	554.924635	15.330994	3.59313
2022-05-11	0	22.4235416	22.4235416	522.48676	15.383907	4.46687
2022-05-12	0	17.5627084	17.5627084	562.036499	15.436116	3.603805
2022-05-13	0	14.6260418	14.6260418	533.159734	15.487595	2.962546
2022-05-14	0	15.7133334	15.7133334	595.18926	15.538313	3.130402
2022-05-15	0	15.8204166	15.8204166	701.840864	15.588244	3.085035
2022-05-16	3.76	17.4014582	17.4014582	523.231376	15.637356	3.572632
2022-05-17	1.72	17.784375	17.784375	427.487594	15.68562	3.488441
2022-05-18	0.16	19.6935416	19.6935416	588.184829	15.733006	3.842574
2022-05-19	3.38	21.2060414	21.2060414	641.549019	15.779483	4.688567
2022-05-20	5.8	19.8459688	19.8459688	386.948106	15.82502	4.397488
2022-05-21	0	15.5445832	15.5445832	467.522704	15.869586	3.165551
2022-05-22	0	15.5060418	15.5060418	547.372262	15.913148	3.052053
2022-05-23	0.24	16.7678664	16.7678664	477.96742	15.955675	3.449744
2022-05-24	0.5	17.0964582	17.0964582	505.875191	15.997136	3.517237
2022-05-25	0	15.7791666	15.7791666	608.11845	16.037497	3.131853
2022-05-26	0	17.033741	17.033741	392.019903	16.076728	3.458778
2022-05-27	0.62	15.6079166	15.6079166	417.929215	16.114796	3.116358
2022-05-28	0.34	11.6008334	11.6008334	598.366122	16.15167	2.424177
2022-05-29	0.04	11.0912502	11.0912502	478.818894	16.187318	2.002524
2022-05-30	3.48	10.6270138	10.6270138	534.262816	16.221708	2.092867
2022-05-31	3.5	12.6464862	12.6464862	626.804506	16.254811	2.746746
2022-06-01	0.52	14.0445738	14.0445738	576.958707	16.286597	2.756883
2022-06-02	0.02	14.0008334	14.0008334	676.000253	16.317035	2.823534
2022-06-03	2.34	18.4154324	18.4154324	663.751882	16.346096	3.676825
2022-06-04	0.64	17.4663752	17.4663752	555.37452	16.373754	3.946372
2022-06-05	0	20.186875	20.186875	496.743365	16.39998	4.079502
2022-06-06	0	19.3572916	19.3572916	578.491339	16.424749	4.126152
2022-06-07	0	19.3054168	19.3054168	519.034636	16.448034	3.953405
2022-06-08	0	20.0166666	20.0166666	518.083548	16.469814	4.0273
2022-06-09	1.72	17.4327084	17.4327084	513.311574	16.490064	3.783767
2022-06-10	0	18.495625	18.495625	578.465565	16.508763	4.046545
2022-06-11	0	20.5983332	20.5983332	483.097111	16.525892	4.538947
2022-06-12	0.1	20.8827564	20.8827564	632.095023	16.541432	4.643741
2022-06-13	9.78	15.2479168	15.2479168	581.639521	16.555367	3.531937
2022-06-14	0	15.6079166	15.6079166	561.674309	16.567681	3.387235
2022-06-15	0	19.349375	19.349375	748.672019	16.578361	4.368057
2022-06-16	0	18.4785418	18.4785418	703.747755	16.587395	4.310193
2022-06-17	0	19.9539582	19.9539582	682.976843	16.594774	4.525351
2022-06-18	0	23.7772918	23.7772918	739.994812	16.600489	6.168714
2022-06-19	1.46	23.8966666	23.8966666	644.179068	16.604535	6.212295
2022-06-20	6.86	15.1777084	15.1777084	293.640959	16.606908	3.466621
2022-06-21	0	17.8041664	17.8041664	732.188415	16.607604	3.566437
2022-06-22	0	20.163646	20.163646	719.384591	16.606626	4.408481
2022-06-23	0	21.8947918	21.8947918	761.018046	16.603973	5.115585
2022-06-24	0.12	20.8995832	20.8995832	568.064427	16.599649	5.277352
2022-06-25	0	22.2566666	22.2566666	496.620215	16.593662	5.025533
2022-06-26	0	24.1587498	24.1587498	573.214589	16.586017	5.735606
2022-06-27	0.98	23.240625	23.240625	589.077463	16.576725	5.586697
2022-06-28	0.6	19.6113542	19.6113542	687.962703	16.565797	4.631726
2022-06-29	0	19.4883332	19.4883332	398.330923	16.553246	4.568299
2022-06-30	0	23.0458334	23.0458334	577.766129	16.539086	5.247352
2022-07-01	4.7	16.9297916	16.9297916	306.338089	16.523335	4.001592
2022-07-02	0	20.3453126	20.3453126	747.289017	16.50601	4.409174
2022-07-03	0	22.5981248	22.5981248	656.225571	16.487132	5.265011
2022-07-04	0	19.9915302	19.9915302	608.955483	16.46672	4.609828
2022-07-05	0	19.5141018	19.5141018	533.12135	16.444798	4.357944
2022-07-06	0	17.5014656	17.5014656	472.471865	16.42139	3.771845
2022-07-07	12.1	15.7602874	15.7602874	191.915984	16.396519	3.06493
2022-07-08	0.2	17.2209842	17.2209842	441.705009	16.370213	3.550482
2022-07-09	2.6	17.4416812	17.4416812	323.222069	16.342498	3.670467
2022-07-10	0.08	15.726753	15.726753	337.176807	16.313402	3.288824
2022-07-11	0.02	17.4982832	17.4982832	538.396804	16.282954	3.681357
2022-07-12	0	19.5325216	19.5325216	718.876575	16.251184	4.262747
2022-07-13	0	22.7809266	22.7809266	335.609557	16.218121	4.768373
2022-07-14	0	18.6651918	18.6651918	382.131453	16.183795	4.236033
2022-07-15	0	16.401904	16.401904	425.592969	16.148239	3.501085
2022-07-16	0	17.307809	17.307809	527.238123	16.111484	3.668153
2022-07-17	0	17.5603808	17.5603808	726.465947	16.07356	3.724453
2022-07-18	0	20.8827444	20.8827444	676.897212	16.034501	5.048287
2022-07-19	0	24.4821912	24.4821912	728.094907	15.994338	6.234568
2022-07-20	0	26.3230962	26.3230962	696.928412	15.953102	7.203752
2022-07-21	0.12	23.42671	23.42671	499.913599	15.910827	5.795539
2022-07-22	0	21.0594904	21.0594904	467.809749	15.867544	4.817983
2022-07-23	3.6	18.2685202	18.2685202	450.382509	15.823284	4.387047
2022-07-24	0	20.4030626	20.4030626	700.02523	15.778079	4.988344
2022-07-25	1.2	23.0348306	23.0348306	597.442298	15.73196	6.039798
2022-07-26	0	19.9816524	19.9816524	495.024656	15.684958	4.522696
2022-07-27	0	17.5169328	17.5169328	457.676546	15.637103	3.738951
2022-07-28	0	17.9857544	17.9857544	624.60682	15.588426	3.912113
2022-07-29	1.94	20.9283264	20.9283264	608.237711	15.538956	4.727632
2022-07-30	4.38	17.3498564	17.3498564	404.632827	15.488722	4.069197
2022-07-31	0.18	20.4255534	20.4255534	398.262073	15.437752	4.361484
2022-08-01	0.26	20.4022922	20.4022922	420.638068	15.386074	4.277659
2022-08-02	0	20.7465304	20.7465304	556.551866	15.333717	4.442231
2022-08-03	0	23.2491024	23.2491024	646.692719	15.280705	5.316218
2022-08-04	0	25.7506324	25.7506324	578.975747	15.227066	6.205121
2022-08-05	0.18	20.8471474	20.8471474	465.398676	15.172825	4.751242
2022-08-06	0	16.9697344	16.9697344	557.788311	15.118007	3.576173
2022-08-07	0	17.8787644	17.8787644	661.778333	15.062635	3.783134
2022-08-08	0	19.4432116	19.4432116	517.714464	15.006734	4.265604
2022-08-09	0	19.7951584	19.7951584	474.397245	14.950325	4.360967
2022-08-10	0	20.1408554	20.1408554	573.622551	14.893431	4.455362
2022-08-11	0	20.7842602	20.7842602	632.291556	14.836074	4.72356
2022-08-12	0	20.4478738	20.4478738	522.657835	14.778274	4.44645
2022-08-13	0	20.3212792	20.3212792	452.807737	14.720051	4.420979
2022-08-14	0	22.311351	22.311351	500.687493	14.661424	4.866266
2022-08-15	0.18	20.9893392	20.9893392	497.362526	14.602412	4.858455
2022-08-16	0	21.9337864	21.9337864	438.30797	14.543033	4.813303
2022-08-17	0	23.1413584	23.1413584	529.434487	14.483305	5.232542
2022-08-18	1.96	20.2404524	20.2404524	377.600216	14.423244	4.575794
2022-08-19	1.2	19.254002	19.254002	308.91008	14.362867	4.07837
2022-08-20	1.1	19.3078234	19.3078234	278.951838	14.302188	3.833714
2022-08-21	0	19.0924788	19.0924788	314.21419	14.241223	3.724744
2022-08-22	0	18.9417174	18.9417174	373.181924	14.179986	3.658514
2022-08-23	0	18.4444974	18.4444974	468.052874	14.118492	3.765477
2022-08-24	0	20.149361	20.149361	513.008344	14.056752	4.141011
2022-08-25	0	21.7402664	21.7402664	384.26963	13.99478	4.356014
2022-08-26	5.24	20.9513798	20.9513798	369.992062	13.932587	4.210904
2022-08-27	0.1	19.2458266	19.2458266	197.511432	13.870187	3.735944
2022-08-28	0	18.4281902	18.4281902	500.403455	13.807589	3.541986
2022-08-29	0	17.2099286	17.2099286	393.403403	13.744805	3.146323
2022-08-30	0	17.2919106	17.2919106	357.943471	13.681844	3.401935
2022-08-31	0	17.327364	17.327364	314.626137	13.618717	3.128352
2022-09-01	0	15.9361858	15.9361858	386.895441	13.555434	3.023931
2022-09-02	0	16.4975076	16.4975076	409.099624	13.492002	3.093904
2022-09-03	0	17.9740378	17.9740378	507.06663	13.42843	3.130941
2022-09-04	0	19.0048508	19.0048508	420.29231	13.364728	3.584062
2022-09-05	0	19.4525148	19.4525148	419.227553	13.300903	3.665492
2022-09-06	1.66	18.1817536	18.1817536	335.61759	13.236962	3.459569
2022-09-07	0	19.6351586	19.6351586	331.980483	13.172914	3.639982
2022-09-08	8.24	16.6091886	16.6091886	103.453383	13.108764	2.942521
2022-09-09	2.82	16.9123856	16.9123856	399.169126	13.04452	3.023681
2022-09-10	0	16.310374	16.310374	309.560158	12.980188	2.667124
2022-09-11	0	15.4321128	15.4321128	281.42406	12.915775	2.580506
2022-09-12	0	16.0594762	16.0594762	346.305728	12.851286	2.600223
2022-09-13	0.24	16.6080896	16.6080896	283.011551	12.786729	3.025018
2022-09-14	4.6	14.6406614	14.6406614	71.522318	12.722108	2.448515
2022-09-15	0.24	14.49115	14.49115	238.508835	12.657428	2.365999
2022-09-16	0.12	13.6018468	13.6018468	359.642868	12.592696	2.045362
2022-09-17	5.74	12.4325438	12.4325438	342.059044	12.527917	1.689814
2022-09-18	3.64	10.8505324	10.8505324	223.821112	12.463096	1.469699
2022-09-19	5.72	11.6792382	11.6792382	295.18694	12.398239	1.656696
2022-09-20	0	11.506926	11.506926	305.906474	12.333349	1.555423
2022-09-21	0	11.3955394	11.3955394	298.283065	12.268433	1.485307
2022-09-22	0	9.7119804	9.7119804	334.964807	12.203496	1.509275
2022-09-23	0	11.5215558	11.5215558	314.038321	12.138541	1.611966
2022-09-24	0	12.52875	12.52875	324.886236	12.073576	1.893442
2022-09-25	0.1	12.7207292	12.7207292	297.287869	12.008604	1.829216
2022-09-26	0	13.2719612	13.2719612	307.544306	11.94363	1.812274
2022-09-27	0.24	11.0815626	11.0815626	182.237975	11.878661	1.476268
2022-09-28	3.22	8.476875	8.476875	137.507306	11.813701	1.09185
2022-09-29	0	9.2361458	9.2361458	264.46204	11.748755	1.221424
2022-09-30	0	9.7729168	9.7729168	336.315455	11.68383	1.294567
2022-10-01	1.22	10.9435414	10.9435414	94.756935	11.61893	1.475513
2022-10-02	0.22	12.2145834	12.2145834	246.42693	11.554062	1.715219
2022-10-03	0.84	12.6291666	12.6291666	186.083369	11.489232	1.746196
2022-10-04	0	12.8835416	12.8835416	304.057673	11.424445	1.743551
2022-10-05	0	13.6026876	13.6026876	283.481637	11.359709	2.065911
2022-10-06	0	13.9712364	13.9712364	300.962971	11.29503	2.048764
2022-10-07	0	11.1191668	11.1191668	317.387748	11.230415	1.520065
2022-10-08	0	11.1464582	11.1464582	186.192818	11.165871	1.651028
2022-10-09	0	9.4316666	9.4316666	314.462501	11.101407	1.244195
2022-10-10	0	11.9925	11.9925	302.095845	11.037029	1.577253
2022-10-11	0	9.63875	9.63875	272.630383	10.972746	1.385193
2022-10-12	0	8.06625	8.06625	279.531641	10.908567	1.27744
2022-10-13	0	11.3954164	11.3954164	166.759893	10.844501	1.558282
2022-10-14	0.04	14.3827084	14.3827084	106.956579	10.780558	1.698741
2022-10-15	0	15.9889582	15.9889582	117.095685	10.716746	2.021995
2022-10-16	0	16.1662498	16.1662498	141.308601	10.653077	2.244276
2022-10-17	0	18.7825	18.7825	226.165395	10.589562	2.435382
2022-10-18	16.82	14.4075	14.4075	46.929592	10.526211	1.873419
2022-10-19	0.1	8.5714584	8.5714584	120.702627	10.463037	1.177153
2022-10-20	0.4	8.6200002	8.6200002	249.314977	10.400053	1.178541
2022-10-21	1.4	12.9424998	12.9424998	105.468718	10.33727	1.656849
2022-10-22	0.04	14.4741668	14.4741668	188.281673	10.274704	1.907901
2022-10-23	1.64	13.2979168	13.2979168	193.253617	10.212367	1.840519
2022-10-24	0.04	15.5045834	15.5045834	139.307845	10.150276	2.106422
2022-10-25	0	12.8284366	12.8284366	175.027763	10.088446	1.681866
2022-10-26	0	11.63125	11.63125	190.05955	10.026892	1.575192
2022-10-27	0	14.1833334	14.1833334	215.284176	9.965632	1.775774
2022-10-28	0	16.988125	16.988125	185.172494	9.904684	2.216097
2022-10-29	0	15.4545832	15.4545832	122.933044	9.844065	2.063039
2022-10-30	0	14.6747916	14.6747916	199.923079	9.783796	2.078222
2022-10-31	0	12.51125	12.51125	171.429812	9.723896	1.617884
2022-11-01	0.16	12.3512502	12.3512502	93.598893	9.664385	1.530895
2022-11-02	0	10.2929166	10.2929166	181.276056	9.605286	1.227505
2022-11-03	0	8.3758334	8.3758334	152.876967	9.54662	1.037317
2022-11-04	0.94	9.4485416	9.4485416	75.189755	9.488411	1.045466
2022-11-05	0	7.8045834	7.8045834	159.787542	9.430683	0.852462
2022-11-06	0	7.7979164	7.7979164	183.116822	9.37346	0.76085
2022-11-07	0	10.2964584	10.2964584	117.145731	9.316768	1.205474
2022-11-08	0	11.5547914	11.5547914	168.508257	9.260634	1.285441
2022-11-09	0.16	12.8929168	12.8929168	92.291143	9.205085	1.426517
2022-11-10	0	10.0252084	10.0252084	161.062935	9.150149	1.13175
2022-11-11	0	7.62875	7.62875	117.880215	9.095855	0.984526
2022-11-12	0	4.6829166	4.6829166	151.959165	9.042233	0.72945
2022-11-13	0.16	1.4527084	1.4527084	136.215744	8.989313	0.401806
2022-11-14	0.14	5.4039408	5.4039408	149.814727	8.937126	0.614144
2022-11-15	0	7.7952082	7.7952082	148.219692	8.885705	0.935243
2022-11-16	1.8	5.8314584	5.8314584	26.084792	8.835082	0.551711
2022-11-17	4.04	4.8379166	4.8379166	28.843931	8.785291	0.481515
2022-11-18	1.12	0.8997916	0.8997916	18.72037	8.736365	0.135539
2022-11-19	0.26	-3.5722916	-3.5722916	146.797204	8.688339	0
2022-11-20	0.04	-3.1772918	-3.1772918	132.131616	8.641249	0
2022-11-21	1.46	-1.218899	-1.218899	111.868956	8.59513	0
2022-11-22	0.06	0.2315124	0.2315124	58.13312	8.550018	0.14632
2022-11-23	0	4.4803788	4.4803788	121.775124	8.505948	0.324788
2022-11-24	1.2	6.0756248	6.0756248	88.350247	8.462959	0.436825
2022-11-25	1.42	5.3964582	5.3964582	94.054835	8.421087	0.409446
2022-11-26	0.02	5.890625	5.890625	83.177582	8.380368	0.575844
2022-11-27	0.02	2.7777082	2.7777082	104.919826	8.34084	0.300502
2022-11-28	0	4.0702084	4.0702084	49.436329	8.30254	0.367435
2022-11-29	1.1	5.1489584	5.1489584	25.60346	8.265504	0.421752
2022-11-30	0.02	4.0931252	4.0931252	76.08726	8.229769	0.31191
2022-12-01	0.1	0.5402082	0.5402082	25.582386	8.19537	0.033672
2022-12-02	0.54	-0.289454	-0.289454	42.794227	8.162344	0
2022-12-03	0.28	-1.0937502	-1.0937502	50.091194	8.130726	0
2022-12-04	4.74	0.2935418	0.2935418	32.780296	8.100549	0.02148
2022-12-05	6.64	0.7225592	0.7225592	27.169742	8.071847	0.163715
2022-12-06	0.64	1.4595832	1.4595832	24.355236	8.044653	0.135416
2022-12-07	0	2.4975	2.4975	76.501759	8.018998	0.171004
2022-12-08	2.32	2.17375	2.17375	60.743316	7.994912	0.129109
2022-12-09	1.48	0.5843748	0.5843748	42.330824	7.972424	0.008305
2022-12-10	0	-1.3220832	-1.3220832	56.442306	7.951562	0
2022-12-11	0.08	-3.33875	-3.33875	49.351842	7.932351	0
2022-12-12	0.98	-4.448125	-4.448125	58.734193	7.914815	0
2022-12-13	0.72	-10.4743598	-10.4743598	102.970316	7.898977	0
2022-12-14	0.04	-8.920625	-8.920625	56.618416	7.884858	0
2022-12-15	0.32	-9.1195178	-9.1195178	106.528425	7.872475	0
2022-12-16	0.06	-7.0960166	-7.0960166	91.513075	7.861846	0
2022-12-17	0	-6.6039584	-6.6039584	58.098916	7.852985	0
2022-12-18	0	-8.9929168	-8.9929168	99.21754	7.845905	0
2022-12-19	2.02	1.1372916	1.1372916	11.841859	7.840614	0.104759
2022-12-20	0.16	4.8114584	4.8114584	43.564609	7.837122	0.421809
2022-12-21	0.58	6.851979	6.851979	24.854842	7.835432	0.606805
2022-12-22	1.64	5.5391668	5.5391668	16.466234	7.835549	0.632125
2022-12-23	1.58	6.158021	6.158021	18.559989	7.837472	0.627972
2022-12-24	0.24	5.5725	5.5725	48.000484	7.841201	0.679182
2022-12-25	0.82	3.2771874	3.2771874	50.213797	7.84673	0.570087
2022-12-26	2.32	5.7521874	5.7521874	40.220281	7.854053	0.826635
2022-12-27	0.02	2.182591	2.182591	87.559868	7.863161	0.262595
2022-12-28	0	4.7422918	4.7422918	38.037264	7.874044	0.493635
2022-12-29	0	8.3785416	8.3785416	68.998445	7.886688	0.912404
2022-12-30	0.08	6.8421874	6.8421874	93.689949	7.901077	0.599179
2022-12-31	0	12.8546306	12.8546306	51.950905	7.917194	1.381698
2023-01-01	0	11.716714	11.716714	60.167476	7.935019	1.282487
2023-01-02	1.16	11.0342138	11.0342138	66.589512	7.954531	1.137103
2023-01-03	0.04	6.2131724	6.2131724	67.598429	7.975707	0.549237
2023-01-04	0.26	7.5777558	7.5777558	21.24335	7.99852	0.67423
2023-01-05	0.74	8.535839	8.535839	47.351705	8.022946	0.802376
2023-01-06	0.4	7.5796008	7.5796008	36.788921	8.048954	0.793351
2023-01-07	0.02	7.3633332	7.3633332	86.015097	8.076517	0.721219
2023-01-08	0.16	6.6211458	6.6211458	29.964018	8.105603	0.616287
2023-01-09	2.56	6.20714	6.20714	67.157964	8.13618	0.513297
2023-01-10	0	5.2629166	5.2629166	64.226448	8.168215	0.435423
2023-01-11	0.92	7.0715506	7.0715506	15.584069	8.201675	0.61435
2023-01-12	0.08	8.7179168	8.7179168	23.499049	8.236524	0.692023
2023-01-13	2.78	8.2041664	8.2041664	64.328386	8.272727	0.75271
2023-01-14	1.42	7.0918828	7.0918828	60.749045	8.310249	0.601022
2023-01-15	1.62	5.9365922	5.9365922	69.430206	8.349054	0.575252
2023-01-16	0	4.2229168	4.2229168	102.758482	8.389103	0.383161
2023-01-17	0.14	1.9260418	1.9260418	105.065914	8.430362	0.199252
2023-01-18	0	-0.7158332	-0.7158332	70.596452	8.472792	0
2023-01-19	0.18	-0.3574998	-0.3574998	100.978895	8.516357	0
2023-01-20	0	-1.2024998	-1.2024998	89.215464	8.56102	0.003443
2023-01-21	0.96	-0.699375	-0.699375	40.987228	8.606744	0
2023-01-22	1.14	0.3533334	0.3533334	37.773408	8.653492	0.024985
2023-01-23	0.52	0.9547916	0.9547916	39.09847	8.701229	0.038043
2023-01-24	0	0.7177084	0.7177084	59.60944	8.749919	0.024494
2023-01-25	0.02	-0.1360418	-0.1360418	64.894044	8.799525	0
2023-01-26	0.02	-1.6268752	-1.6268752	54.833545	8.850014	0
2023-01-27	1.3	0.5789582	0.5789582	29.461387	8.90135	0
2023-01-28	0.02	-0.7079166	-0.7079166	88.861119	8.953501	0
2023-01-29	0	-1.2122918	-1.2122918	58.457464	9.006433	0
2023-01-30	0.04	2.9610416	2.9610416	101.643634	9.060114	0.222364
2023-01-31	0.02	3.9397914	3.9397914	71.619274	9.114511	0.302162
2023-02-01	3.84	3.8008332	3.8008332	106.834571	9.169595	0.347459
2023-02-02	1.58	3.5575	3.5575	115.404832	9.225335	0.338985
2023-02-03	1.9	6.645	6.645	34.552194	9.281702	0.591945
2023-02-04	0.28	1.2981252	1.2981252	122.047627	9.338667	0.161154
2023-02-05	0	-2.1641666	-2.1641666	129.461626	9.396202	0
2023-02-06	0.44	-1.1552084	-1.1552084	56.618941	9.45428	0
2023-02-07	0.04	-4.344375	-4.344375	188.076241	9.512876	0
2023-02-08	0.06	-4.8018122	-4.8018122	206.114948	9.571964	0
2023-02-09	0.06	0.3492016	0.3492016	209.876866	9.63152	0
2023-02-10	0.06	2.406242	2.406242	187.12184	9.69152	0.08894
2023-02-11	0.12	4.3466586	4.3466586	47.48	9.751941	0.399879
2023-02-12	0.2	5.424992	5.424992	45.016388	9.812762	0.568797
2023-02-13	0.04	3.8965284	3.8965284	96.50221	9.873961	0.444592
2023-02-14	0	2.7579164	2.7579164	206.664494	9.935518	0.322441
2023-02-15	0.04	3.0887502	3.0887502	234.035103	9.997413	0.243681
2023-02-16	0.18	5.9518086	5.9518086	229.536453	10.059628	0.545071
2023-02-17	0.76	10.340625	10.340625	80.145706	10.122144	1.094617
2023-02-18	0.2	9.7047914	9.7047914	39.476505	10.184944	1.024719
2023-02-19	7.48	5.0125	5.0125	132.537585	10.248012	0.625212
2023-02-20	0.04	8.3725	8.3725	178.902503	10.311331	0.829478
2023-02-21	0	10.1362498	10.1362498	60.255854	10.374886	1.065336
2023-02-22	0	8.5716668	8.5716668	188.52301	10.438662	0.977883
2023-02-23	0.1	7.9560416	7.9560416	146.9007	10.502646	0.880159
2023-02-24	2.94	4.0427084	4.0427084	115.403097	10.566824	0.436348
2023-02-25	0.62	1.4006294	1.4006294	129.595843	10.631183	0.122268
2023-02-26	0.94	-0.7777084	-0.7777084	200.854423	10.695711	0
2023-02-27	0	-0.2197916	-0.2197916	231.316588	10.760396	0
2023-02-28	0	0.2389582	0.2389582	296.275575	10.825227	0
2023-03-01	0	-0.2552084	-0.2552084	312.972784	10.890193	0
2023-03-02	0	0.9316666	0.9316666	318.302328	10.955284	0.033742
2023-03-03	0	-0.2408334	-0.2408334	149.260662	11.020491	0.032616
2023-03-04	0	3.1139584	3.1139584	114.343774	11.085802	0.26536
2023-03-05	0	2.785296	2.785296	186.916388	11.151211	0.191713
2023-03-06	0.56	1.6604168	1.6604168	228.389837	11.216707	0.163105
2023-03-07	1.32	2.3027084	2.3027084	138.665574	11.282283	0.225648
2023-03-08	9.84	0.0779166	0.0779166	106.32257	11.347931	0.057651
2023-03-09	5.54	1.240625	1.240625	94.892686	11.413643	0.181915
2023-03-10	2.06	8.3310418	8.3310418	234.35423	11.479412	1.115931
2023-03-11	0.64	0.5954166	0.5954166	238.735678	11.54523	0.131489
2023-03-12	0	2.7379166	2.7379166	201.441439	11.611091	0.230742
2023-03-13	0.08	11.5184582	11.5184582	142.440922	11.676988	1.422673
2023-03-14	2.96	8.4058334	8.4058334	204.129757	11.742915	1.114347
2023-03-15	0	2.2212502	2.2212502	313.119813	11.808866	0.257533
2023-03-16	0	2.9779166	2.9779166	379.503764	11.874833	0.238367
2023-03-17	0	9.1008334	9.1008334	308.89932	11.940812	1.053897
2023-03-18	0	12.0095834	12.0095834	334.996222	12.006797	1.585153
2023-03-19	0.34	9.9810414	9.9810414	281.422378	12.072782	1.385186
2023-03-20	0.02	9.8285418	9.8285418	155.077572	12.13876	1.175299
2023-03-21	0.9	10.4628978	10.4628978	152.763388	12.204727	1.267991
2023-03-22	0.12	11.027663	11.027663	319.080296	12.270677	1.594923
2023-03-23	0.14	13.0415	13.0415	175.507982	12.336604	1.826593
2023-03-24	1.08	11.7306252	11.7306252	231.872469	12.402503	1.766626
2023-03-25	1.18	9.1064582	9.1064582	324.111152	12.468368	1.306152
2023-03-26	3.18	8.2336956	8.2336956	221.650295	12.534194	1.066769
2023-03-27	0.52	2.900625	2.900625	410.157591	12.599974	0.470742
2023-03-28	0.18	3.5972916	3.5972916	361.301001	12.665703	0.41834
2023-03-29	0.02	7.78	7.78	241.905348	12.731376	0.942956
2023-03-30	0.82	11.4	11.4	247.146268	12.796985	1.738244
2023-03-31	2.5	10.0204168	10.0204168	178.595095	12.862525	1.416972
2023-04-01	2.24	9.4875	9.4875	248.658453	12.92799	1.377403
2023-04-02	1.38	3.8120834	3.8120834	193.886466	12.993373	0.485662
2023-04-03	0.12	2.2283336	2.2283336	323.458735	13.058666	0.165923
2023-04-04	0.06	2.0639584	2.0639584	370.829444	13.123865	0.205177
2023-04-05	0.14	2.6575002	2.6575002	329.874605	13.18896	0.376414
2023-04-06	0	4.83125	4.83125	512.32352	13.253945	0.590638
2023-04-07	0.8	6.095	6.095	518.229183	13.318813	0.659009
2023-04-08	0.86	6.431875	6.431875	166.204628	13.383554	0.786961
2023-04-09	0	7.2241666	7.2241666	437.363179	13.448161	1.022902
2023-04-10	0	9.5489582	9.5489582	495.961691	13.512624	1.403876
2023-04-11	3	8.2260416	8.2260416	450.3675	13.576936	1.359939
2023-04-12	2.54	7.0154168	7.0154168	258.132892	13.641086	1.084043
2023-04-13	0.02	7.6666666	7.6666666	326.221405	13.705066	1.205256
2023-04-14	0.68	7.74375	7.74375	307.45515	13.768863	1.064239
2023-04-15	16.24	7.94375	7.94375	48.643583	13.832469	1.052658
2023-04-16	8.2	8.4720836	8.4720836	74.783772	13.895871	1.236757
2023-04-17	0.32	8.7377082	8.7377082	351.166436	13.959059	1.292636
2023-04-18	0	9.1910416	9.1910416	203.17705	14.02202	1.330978
2023-04-19	1.86	7.486875	7.486875	528.710522	14.084741	1.072219
2023-04-20	0.1	6.5943748	6.5943748	267.048332	14.147211	1.092363
2023-04-21	0	13.1154168	13.1154168	549.786013	14.209414	2.162428
2023-04-22	0	14.65	14.65	591.068743	14.271337	2.579786
2023-04-23	0.3	14.9508334	14.9508334	396.340172	14.332965	2.473476
2023-04-24	0	11.4028442	11.4028442	494.038335	14.394283	1.899062
2023-04-25	0	6.6022918	6.6022918	432.588707	14.455275	1.175755
2023-04-26	0	4.8683332	4.8683332	423.103842	14.515924	0.858992
2023-04-27	0	6.3235416	6.3235416	446.268286	14.576213	0.991045
2023-04-28	0.98	8.845625	8.845625	368.296831	14.636125	1.759862
2023-04-29	0.14	11.1397916	11.1397916	241.384248	14.69564	1.971434
2023-04-30	0	8.54375	8.54375	629.638045	14.754741	1.391283
2023-05-01	0	11.2641666	11.2641666	514.412087	14.813406	1.782461
2023-05-02	2.72	9.6922194	9.6922194	457.276881	14.871616	1.770668
2023-05-03	0	7.8706252	7.8706252	623.822165	14.92935	1.420298
2023-05-04	0	10.9280986	10.9280986	552.437792	14.986585	1.894116
2023-05-05	0.18	14.5172916	14.5172916	581.185253	15.0433	2.620244
2023-05-06	0.08	13.4487502	13.4487502	409.431144	15.09947	2.333198
2023-05-07	0	9.495	9.495	444.649658	15.155073	1.962185
2023-05-08	0	11.1866666	11.1866666	594.546477	15.210083	2.109778
2023-05-09	0	10.3564582	10.3564582	696.899114	15.264476	2.474945
2023-05-10	1.24	11.5087498	11.5087498	251.634011	15.318226	2.447363
2023-05-11	0.84	12.7053126	12.7053126	319.322232	15.371306	2.666222
2023-05-12	0	13.2341668	13.2341668	553.075014	15.423689	2.684548
2023-05-13	0.18	12.5580076	12.5580076	588.748744	15.475348	2.59181
2023-05-14	0.02	13.6070568	13.6070568	594.430942	15.526254	2.592735
2023-05-15	0	12.7971744	12.7971744	567.67158	15.576378	2.722836
2023-05-16	0	10.903307	10.903307	476.768174	15.625692	2.087862
2023-05-17	0	9.8709242	9.8709242	562.521313	15.674165	1.760358
2023-05-18	0	11.5109242	11.5109242	483.887953	15.721767	1.965038
2023-05-19	0	13.5803126	13.5803126	537.365963	15.768467	2.402046
2023-05-20	0	14.800521	14.800521	341.463923	15.814235	3.013092
2023-05-21	0	17.1263542	17.1263542	654.011981	15.859039	4.031331
2023-05-22	0	17.9866668	17.9866668	670.770495	15.902847	4.353554
2023-05-23	0.46	14.4713542	14.4713542	370.702984	15.945628	3.056711
2023-05-24	0	12.6345832	12.6345832	354.616622	15.987349	2.095296
2023-05-25	0	14.3423474	14.3423474	652.472253	16.02798	2.6352
2023-05-26	0	15.0019864	15.0019864	683.46238	16.067487	2.651836
2023-05-27	0	15.0663056	15.0663056	740.544889	16.105839	2.715782
2023-05-28	0	16.4677086	16.4677086	747.143224	16.143004	3.321498
2023-05-29	0	16.785625	16.785625	623.861589	16.178951	3.216701
2023-05-30	0	16.2327082	16.2327082	709.222214	16.213648	3.137911
2023-05-31	0	17.6806248	17.6806248	739.678017	16.247065	3.618937
2023-06-01	0	15.932403	15.932403	749.819635	16.279171	3.434436
2023-06-02	0	13.4158334	13.4158334	341.896074	16.309937	2.688019
2023-06-03	0	13.9795834	13.9795834	760.81939	16.339333	2.971036
2023-06-04	0	15.5104168	15.5104168	768.437823	16.367332	3.258538
2023-06-05	0	17.7768752	17.7768752	718.048598	16.393906	3.820859
2023-06-06	3.4	16.0352086	16.0352086	289.080704	16.419028	3.56171
2023-06-07	3.56	18.4891666	18.4891666	471.640136	16.442673	4.032686
2023-06-08	0.2	18.1820834	18.1820834	626.028329	16.464818	4.381289
2023-06-09	0	21.0566668	21.0566668	630.321917	16.485438	4.624403
2023-06-10	0.2	19.6279168	19.6279168	689.73434	16.504513	4.766484
2023-06-11	0	20.5916668	20.5916668	730.321325	16.522022	4.682426
2023-06-12	0	19.3408336	19.3408336	745.924244	16.537946	4.400499
2023-06-13	0	18.9589582	18.9589582	602.188505	16.552269	4.134366
2023-06-14	0	17.1777084	17.1777084	546.242619	16.564974	3.682401
2023-06-15	0	18.7064582	18.7064582	661.609858	16.576048	3.930366
2023-06-16	0.44	16.3695836	16.3695836	437.113537	16.585479	3.66293
2023-06-17	0	18.6845834	18.6845834	647.587503	16.593257	4.075401
2023-06-18	0	21.0870832	21.0870832	694.002782	16.599373	4.693753
2023-06-19	3.22	22.3254168	22.3254168	524.081901	16.603821	5.149591
2023-06-20	3.18	23.168125	23.168125	445.513627	16.606595	5.254641
2023-06-21	0.52	24.3233334	24.3233334	610.274639	16.607695	5.578622
2023-06-22	4.72	24.685274	24.685274	528.637444	16.607119	5.418244
2023-06-23	4.8	17.428125	17.428125	174.249159	16.604868	3.978341
2023-06-24	0.02	19.874375	19.874375	727.812745	16.600945	4.306923
2023-06-25	0	22.3226994	22.3226994	566.579753	16.595356	5.068894
2023-06-26	0.1	22.7483332	22.7483332	601.451129	16.588109	5.136718
2023-06-27	0.64	17.6827084	17.6827084	597.901383	16.579211	3.848431
2023-06-28	0	18.0239584	18.0239584	581.541522	16.568675	3.966429
2023-06-29	0	21.2239366	21.2239366	396.928477	16.556511	4.433475
2023-06-30	0.22	18.835	18.835	319.133926	16.542736	4.049606
2023-07-01	0.1	19.5125	19.5125	469.901055	16.527365	4.173045
2023-07-02	0.02	19.0804168	19.0804168	518.99039	16.510416	4.105323
2023-07-03	0	18.33875	18.33875	471.40889	16.491908	3.909643
2023-07-04	0	19.6139584	19.6139584	578.258287	16.471862	4.165836
2023-07-05	0	19.0818748	19.0818748	543.631227	16.4503	4.090244
2023-07-06	0	19.0283022	19.0283022	522.012817	16.427246	3.950666
2023-07-07	0	21.5622918	21.5622918	753.961017	16.402723	4.717468
2023-07-08	0	24.36125	24.36125	705.692425	16.376759	5.524861
2023-07-09	0.42	26.5902084	26.5902084	694.215756	16.349379	6.250544
2023-07-10	0.18	22.78	22.78	558.164037	16.320611	5.397899
2023-07-11	0	25.0297914	25.0297914	658.251469	16.290484	5.802021
2023-07-12	0	24.5766666	24.5766666	605.573227	16.259027	5.601416
2023-07-13	0	20.8902082	20.8902082	505.686525	16.226271	4.739596
2023-07-14	0	21.9033334	21.9033334	521.620452	16.192245	4.749175
2023-07-15	0.6	25.2566668	25.2566668	681.500129	16.15698	6.411223
2023-07-16	0.88	22.8316666	22.8316666	656.333138	16.120509	5.052879
2023-07-17	0.16	21.815	21.815	516.258856	16.082862	4.731277
2023-07-18	0.02	19.4745834	19.4745834	597.206882	16.044071	4.288526
2023-07-19	1.56	19.2431252	19.2431252	557.482012	16.004169	4.524124
2023-07-20	2.16	17.2383336	17.2383336	424.633596	15.963187	3.728188
2023-07-21	0.28	16.2225	16.2225	381.374593	15.921157	3.53855
2023-07-22	0.02	18.97	18.97	503.487666	15.878112	3.755268
2023-07-23	0	22.019375	22.019375	400.68494	15.834082	4.525398
2023-07-24	0.88	22.2297916	22.2297916	445.537807	15.7891	4.5605
2023-07-25	1.74	16.1258334	16.1258334	285.845708	15.743197	3.369567
2023-07-26	1.66	16.4354168	16.4354168	559.039454	15.696403	3.331308
2023-07-27	2.46	16.1314584	16.1314584	200.512581	15.648749	3.187483
2023-07-28	0.02	21.8041666	21.8041666	416.65002	15.600266	4.221069
2023-07-29	0.36	21.0566666	21.0566666	317.713123	15.550982	4.137962
2023-07-30	0.88	19.6133332	19.6133332	481.832844	15.500928	4.04082
2023-07-31	1	19.25375	19.25375	288.204052	15.450131	3.76309
2023-08-01	3.66	18.0808332	18.0808332	356.108278	15.39862	3.667463
2023-08-02	0.64	18.430625	18.430625	249.666552	15.346422	3.609052
2023-08-03	0.02	19.7468752	19.7468752	525.328033	15.293564	3.850829
2023-08-04	1.22	18.9462502	18.9462502	428.179376	15.240072	3.678863
2023-08-05	0	18.8385418	18.8385418	378.78507	15.185972	3.445726
2023-08-06	28.32	17.5829168	17.5829168	317.540533	15.131289	3.225051
2023-08-07	0.34	15.9885152	15.9885152	365.013647	15.076047	2.93878
2023-08-08	0.04	15.3062498	15.3062498	415.243163	15.020269	2.978281
2023-08-09	7.9	16.2440286	16.2440286	491.570218	14.96398	3.022597
2023-08-10	0	17.384375	17.384375	472.546879	14.907199	3.085868
2023-08-11	0	20.9633332	20.9633332	632.379576	14.84995	3.88594
2023-08-12	0.38	21.6368752	21.6368752	323.176298	14.792254	4.207601
2023-08-13	0	21.9764582	21.9764582	383.729238	14.734129	4.130473
2023-08-14	48.46	21.3035418	21.3035418	527.82643	14.675597	4.612825
2023-08-15	5.7	21.42625	21.42625	498.975304	14.616675	4.741135
2023-08-16	0.34	22.5550696	22.5550696	338.453529	14.557382	4.286154
2023-08-17	23.04	22.1212498	22.1212498	373.835019	14.497735	4.402646
2023-08-18	0	22.075625	22.075625	506.558466	14.437752	4.468666
2023-08-19	0	25.3506248	25.3506248	575.008505	14.377448	5.128307
2023-08-20	0	23.9837498	23.9837498	424.701411	14.316839	4.76777
2023-08-21	0.3	23.1727082	23.1727082	431.234431	14.255941	4.538933
2023-08-22	0	22.1116666	22.1116666	456.576105	14.194768	4.437496
2023-08-23	0	21.0372324	21.0372324	541.208207	14.133333	4.106406
2023-08-24	0	22.2641666	22.2641666	498.91583	14.07165	4.262376
2023-08-25	12.38	21.9222916	21.9222916	315.98611	14.009731	4.373551
2023-08-26	5.26	19.2941666	19.2941666	466.101374	13.94759	4.009226
2023-08-27	1.08	15.6141668	15.6141668	214.563483	13.885238	3.394622
2023-08-28	0.04	14.8672914	14.8672914	230.550847	13.822686	2.791391
2023-08-29	3.84	15.3833334	15.3833334	170.395714	13.759945	2.600426
2023-08-30	1.98	16.5545834	16.5545834	397.200808	13.697025	2.779787
2023-08-31	2.6	14.6366666	14.6366666	460.891668	13.633937	2.620591
2023-09-01	0.96	15.925625	15.925625	296.531967	13.570689	2.737089
2023-09-02	0.06	17.2254168	17.2254168	344.509402	13.507291	2.943181
2023-09-03	0	16.6775	16.6775	430.331429	13.443752	3.000979
2023-09-04	0	17.5183334	17.5183334	500.796063	13.38008	3.109454
2023-09-05	0	19.313125	19.313125	498.537795	13.316283	3.548616
2023-09-06	0	19.9697916	19.9697916	503.192314	13.252369	3.590336
2023-09-07	0	20.3983332	20.3983332	496.489813	13.188345	3.651922
2023-09-08	0	19.706875	19.706875	495.742729	13.124218	3.7015
2023-09-09	0	18.388829	18.388829	487.311289	13.059996	3.729348
2023-09-10	0	20.4697914	20.4697914	475.671832	12.995684	3.85296
2023-09-11	0	21.4574562	21.4574562	462.156927	12.93129	3.892956
2023-09-12	2.78	21.005625	21.005625	434.474377	12.866818	3.915656
2023-09-13	3.52	18.6445832	18.6445832	268.729581	12.802276	3.267282
2023-09-14	0	15.3904164	15.3904164	408.270446	12.737669	2.596412
2023-09-15	0	16.3629612	16.3629612	436.274045	12.673003	2.747999
2023-09-16	0	17.6992506	17.6992506	440.63236	12.608283	3.032644
2023-09-17	0	19.4198582	19.4198582	406.988714	12.543514	3.54022
2023-09-18	0	19.0983998	19.0983998	219.9081	12.478703	3.448558
2023-09-19	0	18.0886082	18.0886082	310.434642	12.413853	2.959278
2023-09-20	0	19.069858	19.069858	373.049774	12.34897	3.158725
2023-09-21	0	19.8296496	19.8296496	372.642281	12.28406	3.486749
2023-09-22	1.24	15.9220834	15.9220834	190.777819	12.219126	2.701626
2023-09-23	0.02	14.6327084	14.6327084	216.364498	12.154175	2.271207
2023-09-24	0	13.71125	13.71125	245.956399	12.089212	2.142934
2023-09-25	0	13.7880706	13.7880706	397.159972	12.02424	2.208891
2023-09-26	0	15.6863586	15.6863586	375.842034	11.959267	2.641488
2023-09-27	0	17.20125	17.20125	357.70459	11.894295	2.947876
2023-09-28	0	17.864375	17.864375	360.964851	11.829332	3.165861
2023-09-29	0	19.3253064	19.3253064	300.734545	11.764382	3.286935
2023-09-30	0	14.5964584	14.5964584	324.21563	11.699451	2.37127
2023-10-01	0	16.276875	16.276875	277.296814	11.634544	2.462949
2023-10-02	0	18.1291666	18.1291666	336.242146	11.569668	2.914081
2023-10-03	7	16.4175	16.4175	217.529039	11.504827	2.735105
2023-10-04	0	12.9704636	12.9704636	221.170827	11.440029	2.0179
2023-10-05	0	13.2551624	13.2551624	211.712618	11.37528	2.06539
2023-10-06	0	15.141566	15.141566	301.580655	11.310587	2.128793
2023-10-07	0	17.0412554	17.0412554	171.483479	11.245955	2.437393
2023-10-08	1.44	12.15666	12.15666	170.475857	11.181393	1.755921
2023-10-09	3.3	13.9755788	13.9755788	64.337323	11.116909	1.953783
2023-10-10	0	17.0033332	17.0033332	160.976707	11.052509	2.377711
2023-10-11	0	19.675603	19.675603	286.512318	10.988202	2.85501
2023-10-12	1.48	16.4369828	16.4369828	75.611694	10.923997	2.376246
2023-10-13	0	18.6266668	18.6266668	122.94238	10.859903	2.669839
2023-10-14	2.72	14.200206	14.200206	218.008702	10.795928	2.031266
2023-10-15	0.48	7.0765306	7.0765306	210.157943	10.732084	0.963912
2023-10-16	0.36	6.9235416	6.9235416	120.730398	10.668379	0.846796
2023-10-17	0.02	6.2589582	6.2589582	173.653247	10.604825	0.877171
2023-10-18	0.08	4.9861492	4.9861492	232.117537	10.541434	0.696593
2023-10-19	10.26	9.7224998	9.7224998	78.08463	10.478216	1.206445
2023-10-20	2.76	8.8017192	8.8017192	35.225663	10.415184	1.064415
2023-10-21	2.16	13.2975002	13.2975002	225.890091	10.352351	1.726312
2023-10-22	0	12.4793752	12.4793752	170.673398	10.289731	1.566754
2023-10-23	0.4	12.3574912	12.3574912	206.110733	10.227338	1.505674
2023-10-24	5.64	11.8570832	11.8570832	87.175807	10.165186	1.504152
2023-10-25	3.74	10.7320832	10.7320832	201.809103	10.10329	1.234513
2023-10-26	1.62	10.1197914	10.1197914	86.741983	10.041668	1.2994
2023-10-27	5.04	8.9058332	8.9058332	44.831672	9.980335	1.057583
2023-10-28	1.34	10.7304006	10.7304006	106.037261	9.91931	1.167298
2023-10-29	1.76	13.1961706	13.1961706	112.480663	9.85861	1.507895
2023-10-30	0.56	11.8292172	11.8292172	84.470549	9.798254	1.553287
2023-10-31	1.56	11.623038	11.623038	124.576573	9.738262	1.327374
2023-11-01	0	11.5973034	11.5973034	109.77704	9.678655	1.302716
2023-11-02	0.22	10.2382294	10.2382294	91.27052	9.619455	1.313424
2023-11-03	0.02	8.595221	8.595221	126.826415	9.560682	1.000049
2023-11-04	0	8.9127538	8.9127538	115.628554	9.50236	0.910395
2023-11-05	0.08	10.8790318	10.8790318	100.524846	9.444513	1.091149
2023-11-06	0	10.6916716	10.6916716	135.366447	9.387166	1.11877
2023-11-07	0	9.4042558	9.4042558	96.555609	9.330343	0.93125
2023-11-08	0	8.8191666	8.8191666	123.314147	9.274072	0.849404
2023-11-09	0	9.5979166	9.5979166	65.018068	9.218378	0.931974
2023-11-10	0.08	7.611251	7.611251	128.526309	9.163291	0.812812
2023-11-11	0.46	5.092706	5.092706	49.95744	9.108839	0.475667
2023-11-12	0.08	6.0958334	6.0958334	116.362061	9.055052	0.492459
2023-11-13	3.1	5.4706866	5.4706866	58.380845	9.001959	0.628199
2023-11-14	7.26	10.7163678	10.7163678	114.961619	8.949592	1.082513
2023-11-15	2.22	8.7601218	8.7601218	33.116576	8.897983	0.815858
2023-11-16	0	6.5228116	6.5228116	93.691097	8.847164	0.631578
2023-11-17	0	4.0753978	4.0753978	67.772908	8.797168	0.344058
2023-11-18	2.32	4.9262242	4.9262242	97.729875	8.74803	0.418014
2023-11-19	2.08	9.5688724	9.5688724	99.824461	8.699783	0.878265
2023-11-20	0.26	9.8215476	9.8215476	42.266814	8.652464	0.885519
2023-11-21	0.08	4.5278598	4.5278598	28.118154	8.606106	0.418864
2023-11-22	0	-0.61125	-0.61125	87.468589	8.560747	0.018695
2023-11-23	6.92	5.8766666	5.8766666	35.691362	8.516422	0.523776
2023-11-24	3.44	4.1593752	4.1593752	99.364914	8.473169	0.360493
2023-11-25	0.3	1.408125	1.408125	73.238415	8.431023	0.080078
2023-11-26	0.68	1.6807006	1.6807006	90.082897	8.390022	0.060669
2023-11-27	4.92	2.4595194	2.4595194	48.140411	8.350203	0.172271
2023-11-28	0.46	-1.3768254	-1.3768254	34.035727	8.311602	0
2023-11-29	2.96	0.8769826	0.8769826	100.055737	8.274257	0
2023-11-30	1	-0.5437796	-0.5437796	98.116581	8.238205	0
2023-12-01	0	-1.0860416	-1.0860416	52.935774	8.20348	0
2023-12-02	0	-1.955625	-1.955625	52.201904	8.170119	0
2023-12-03	0.52	-1.6709884	-1.6709884	57.122826	8.138157	0
2023-12-04	0.56	-2.0819432	-2.0819432	73.47252	8.107629	0
2023-12-05	3.86	0.8466868	0.8466868	45.592865	8.078568	0.036858
2023-12-06	1.52	1.6737674	1.6737674	28.657591	8.051007	0.084887
2023-12-07	0.22	1.5626978	1.5626978	56.825962	8.024977	0.052919
2023-12-08	0.88	-0.5555174	-0.5555174	31.85399	8.000509	0
2023-12-09	4.9	4.0994826	4.0994826	50.430302	7.977633	0.297075
2023-12-10	2.6	6.492807	6.492807	37.246111	7.956376	0.53462
2023-12-11	0.08	8.3328422	8.3328422	55.686663	7.936763	0.72603
2023-12-12	0.36	6.0687472	6.0687472	75.597844	7.918821	0.519907
2023-12-13	0.34	5.5223776	5.5223776	77.835575	7.902571	0.51015
2023-12-14	0.36	3.0210416	3.0210416	14.810419	7.888035	0.237407
2023-12-15	0.56	2.9123334	2.9123334	29.891109	7.875231	0.261402
2023-12-16	0.12	5.2829168	5.2829168	87.913652	7.864178	0.403302
2023-12-17	0.18	5.2137894	5.2137894	74.677113	7.854889	0.469338
2023-12-18	0.16	4.7468752	4.7468752	89.83306	7.847378	0.406609
2023-12-19	1.58	4.9835418	4.9835418	30.037	7.841654	0.333271
2023-12-20	1.1	5.2166664	5.2166664	73.26786	7.837727	0.401753
2023-12-21	1.74	6.2921874	6.2921874	15.420901	7.835602	0.552369
2023-12-22	5.02	4.5528472	4.5528472	66.52686	7.835283	0.274115
2023-12-23	8.34	4.5899652	4.5899652	9.310707	7.836771	0.244835
2023-12-24	0.44	8.4788888	8.4788888	11.702831	7.840064	0.778559
2023-12-25	2.86	8.6396874	8.6396874	15.844505	7.845159	0.950591
2023-12-26	0.12	8.078368	8.078368	52.513425	7.85205	0.79519
2023-12-27	0.12	4.7693402	4.7693402	63.537955	7.860729	0.459009
2023-12-28	0.14	7.3096472	7.3096472	85.992825	7.871185	0.731882
2023-12-29	0.52	7.5837822	7.5837822	56.236911	7.883405	0.820996
2023-12-30	0.74	5.5639744	5.5639744	85.073802	7.897375	0.599862
2023-12-31	0.12	5.0295834	5.0295834	44.926996	7.913077	0.496939
2024-01-01	0.14	5.12875	5.12875	78.186873	7.930493	0.470048
2024-01-02	5.72	5.2872916	5.2872916	17.258084	7.9496	0.489231
2024-01-03	0.38	7.8139744	7.8139744	62.89392	7.970377	0.769724
2024-01-04	1.26	4.5804488	4.5804488	42.397423	7.992798	0.451136
2024-01-05	0.36	4.0847036	4.0847036	66.316497	8.016838	0.368992
2024-01-06	0.16	1.1933332	1.1933332	75.385841	8.042467	0.219731
2024-01-07	0.14	-1.6154166	-1.6154166	63.709588	8.069659	0
2024-01-08	0.46	-5.4520834	-5.4520834	107.36292	8.09838	0
2024-01-09	0.46	-6.6223798	-6.6223798	114.578559	8.128601	0
2024-01-10	0.46	-6.6676346	-6.6676346	115.857521	8.160288	0
2024-01-11	0.46	1.2655368	1.2655368	111.462689	8.193408	0
2024-01-12	0.46	-0.1192308	-0.1192308	36.424436	8.227926	0
2024-01-13	0.32	1.0233334	1.0233334	54.003063	8.263807	0.075211
2024-01-14	0.46	1.289375	1.289375	64.210052	8.301015	0.092081
2024-01-15	0.28	0.715	0.715	81.120038	8.339514	0.038757
2024-01-16	0.42	-0.2566666	-0.2566666	74.317409	8.379268	0.000143
2024-01-17	0.28	-2.195	-2.195	67.503706	8.420239	0
2024-01-18	0.8	-3.0500002	-3.0500002	53.321301	8.462391	0
2024-01-19	1.76	-3.9441666	-3.9441666	131.105453	8.505686	0
2024-01-20	1.22	-3.4577082	-3.4577082	132.757765	8.550089	0
2024-01-21	0.78	-2.0916668	-2.0916668	102.448506	8.595561	0
2024-01-22	0.2	6.4195328	6.4195328	36.374641	8.642067	0.559551
2024-01-23	1.34	5.3954166	5.3954166	70.98835	8.689569	0.418463
2024-01-24	0.22	9.6556266	9.6556266	98.208002	8.738033	0.82501
2024-01-25	0.12	5.8077436	5.8077436	84.057984	8.787423	0.467786
2024-01-26	1.1	6.4052082	6.4052082	48.935655	8.837703	0.476936
2024-01-27	0.06	3.3695834	3.3695834	146.590177	8.888839	0.275744
2024-01-28	0.06	1.0700002	1.0700002	157.293708	8.940798	0.066141
2024-01-29	0.06	4.470625	4.470625	154.39342	8.993546	0.371366
2024-01-30	0.06	5.6179168	5.6179168	124.725105	9.04705	0.504092
2024-01-31	0.04	5.599375	5.599375	70.354762	9.101279	0.539856
2024-02-01	0.64	6.013125	6.013125	112.080253	9.156201	0.472002
2024-02-02	0.04	6.0979166	6.0979166	68.021455	9.211787	0.44649
2024-02-03	2.2	8.7852084	8.7852084	27.388294	9.268006	0.82684
2024-02-04	6.72	8.794375	8.794375	47.080874	9.32483	0.854446
2024-02-05	0	10.300435	10.300435	86.137403	9.382232	1.000936
2024-02-06	0	9.139375	9.139375	51.119356	9.440183	0.803966
2024-02-07	7.88	4.555625	4.555625	28.327363	9.498658	0.451356
2024-02-08	5.04	1.6049998	1.6049998	61.617308	9.557631	0.190354
2024-02-09	3.72	8.2704166	8.2704166	87.969027	9.617077	0.909205
2024-02-10	0.7	10.1114582	10.1114582	144.193865	9.676973	1.040213
2024-02-11	4.9	7.9379166	7.9379166	39.087768	9.737296	0.765888
2024-02-12	0.24	7.0722918	7.0722918	118.748253	9.798024	0.661805
2024-02-13	0.06	4.6022916	4.6022916	200.043291	9.859135	0.429694
2024-02-14	2.22	8.1516668	8.1516668	88.014085	9.920609	0.701418
2024-02-15	0.34	10.8633814	10.8633814	123.653556	9.982426	1.204302
2024-02-16	5.46	11.2131252	11.2131252	146.695209	10.044566	1.220077
2024-02-17	0.34	8.139271	8.139271	114.000792	10.107013	1.020782
2024-02-18	0.88	7.0239584	7.0239584	124.635731	10.169747	0.723252
2024-02-19	1.82	8.4261458	8.4261458	83.24298	10.232753	0.839229
2024-02-20	0.1	8.2233334	8.2233334	137.465539	10.296014	0.810112
2024-02-21	0	8.7391668	8.7391668	190.52244	10.359515	0.896938
2024-02-22	0.4	10.07875	10.07875	51.302488	10.423241	1.071443
2024-02-23	0	6.5847918	6.5847918	167.975662	10.487177	0.736872
2024-02-24	0	4.8352084	4.8352084	206.369502	10.551311	0.4574
2024-02-25	0	5.1289584	5.1289584	249.971655	10.615629	0.449701
2024-02-26	0	5.6810416	5.6810416	188.871376	10.680119	0.418143
2024-02-27	0	4.8404158	4.8404158	157.454992	10.744768	0.477689
2024-02-28	0	4.5877084	4.5877084	268.718375	10.809566	0.385881
2024-02-29	0	4.8996076	4.8996076	267.16696	10.874502	0.418973
2024-03-01	0	5.7742146	5.7742146	297.052397	10.939566	0.655012
2024-03-02	0	8.219418	8.219418	233.175387	11.004746	0.901687
2024-03-03	0	7.8671214	7.8671214	209.887143	11.070035	0.905388
2024-03-04	0.1	6.1846166	6.1846166	198.375583	11.135422	0.672028
2024-03-05	4.96	6.9128132	6.9128132	56.727767	11.2009	0.631358
2024-03-06	0	6.4846066	6.4846066	228.642171	11.266459	0.51377
2024-03-07	0	5.6155322	5.6155322	160.269734	11.332091	0.417955
2024-03-08	0	4.7779166	4.7779166	335.358262	11.39779	0.327562
2024-03-09	0	5.6930208	5.6930208	271.495409	11.463547	0.51076
2024-03-10	0	6.5927084	6.5927084	254.387532	11.529355	0.771227
2024-03-11	0	7.4213542	7.4213542	217.469411	11.595208	0.977421
2024-03-12	0	6.4064582	6.4064582	218.9586	11.661098	0.726871
2024-03-13	0.1	8.3096874	8.3096874	290.586301	11.72702	0.913024
2024-03-14	0.2	9.736875	9.736875	181.310039	11.792967	1.396674
2024-03-15	0	10.7560418	10.7560418	330.016417	11.858932	1.586501
2024-03-16	0.52	8.4979166	8.4979166	201.790471	11.924911	1.14079
2024-03-17	0	6.1084376	6.1084376	235.422828	11.990896	0.6153
2024-03-18	0	5.8152084	5.8152084	374.449802	12.056882	0.494029
2024-03-19	0	6.7766874	6.7766874	363.512179	12.122864	0.555811
2024-03-20	0	9.2196064	9.2196064	355.094336	12.188836	1.137653
2024-03-21	0	9.166875	9.166875	210.760303	12.254792	1.238404
2024-03-22	0.94	10.0962498	10.0962498	199.887794	12.320726	1.429992
2024-03-23	7.28	5.4289586	5.4289586	189.342984	12.386634	0.780219
2024-03-24	1.14	5.1495834	5.1495834	269.925662	12.452509	0.554191
2024-03-25	0.46	5.0870832	5.0870832	342.404898	12.518346	0.710079
2024-03-26	0.02	5.858125	5.858125	448.627532	12.584139	0.849394
2024-03-27	0	9.455	9.455	408.521389	12.649883	1.296003
2024-03-28	0.34	8.57625	8.57625	308.053375	12.715571	1.195907
2024-03-29	0	9.0368748	9.0368748	253.218608	12.781197	1.404
2024-03-30	0	12.3760416	12.3760416	459.015993	12.846756	2.110146
2024-03-31	0	12.6671738	12.6671738	412.342472	12.912241	1.813735
2024-04-01	0.04	10.6143748	10.6143748	260.630292	12.977645	1.523359
2024-04-02	0.12	10.7941666	10.7941666	451.095286	13.042963	1.482525
2024-04-03	0	10.6383332	10.6383332	210.777037	13.108186	1.483114
2024-04-04	0.66	10.90989	10.90989	210.115722	13.173308	1.685828
2024-04-05	0.12	13.5146876	13.5146876	345.617799	13.238322	2.312647
2024-04-06	0	15.9760632	15.9760632	500.827648	13.30322	2.99295
2024-04-07	0	16.1832782	16.1832782	480.303189	13.367993	3.183122
2024-04-08	0	16.3694932	16.3694932	507.568779	13.432635	3.312296
2024-04-09	1.74	13.6257038	13.6257038	434.246805	13.497135	2.666497
2024-04-10	0.02	9.99557	9.99557	320.100678	13.561486	1.704971
2024-04-11	0	10.8334866	10.8334866	488.523848	13.625677	1.742835
2024-04-12	0	13.5276532	13.5276532	487.437069	13.6897	2.44013
2024-04-13	0	15.3151532	15.3151532	505.452391	13.753543	2.872822
2024-04-14	0	13.624945	13.624945	436.364371	13.817197	2.573751
2024-04-15	3.52	9.9843196	9.9843196	370.250839	13.880651	1.673986
2024-04-16	0.32	7.5009866	7.5009866	444.493677	13.943893	0.974023
2024-04-17	0.18	7.1934866	7.1934866	445.250389	14.006911	0.977809
2024-04-18	1.62	7.7239032	7.7239032	536.584985	14.069693	0.928315
2024-04-19	5.62	6.0649532	6.0649532	192.713832	14.132225	0.826954
2024-04-20	2.52	5.513125	5.513125	470.422633	14.194495	0.79223
2024-04-21	0.22	4.4820834	4.4820834	509.065916	14.256488	0.588737
2024-04-22	0.02	2.9829168	2.9829168	517.606809	14.31819	0.430957
2024-04-23	0	3.9325	3.9325	470.29497	14.379585	0.576602
2024-04-24	6.02	5.5652084	5.5652084	473.673008	14.440658	0.604305
2024-04-25	1.04	6.5214582	6.5214582	508.488182	14.501393	0.835521
2024-04-26	0	9.1820834	9.1820834	514.530591	14.561771	1.381663
2024-04-27	0	11.85375	11.85375	592.839814	14.621777	2.060013
2024-04-28	0	16.03625	16.03625	582.293849	14.68139	2.910114
2024-04-29	0.76	16.0966666	16.0966666	440.612165	14.740594	2.712879
2024-04-30	0	17.8385956	17.8385956	636.38184	14.799367	3.371147
2024-05-01	0	18.8008334	18.8008334	642.011224	14.85769	3.543087
2024-05-02	0	18.7125002	18.7125002	599.390553	14.915541	3.510497
2024-05-03	0	14.6689584	14.6689584	322.679338	14.972899	2.687492
2024-05-04	0	13.89875	13.89875	335.905815	15.029742	2.54079
2024-05-05	0.74	13.9761818	13.9761818	429.072745	15.086047	2.640932
2024-05-06	0.04	13.805	13.805	251.631321	15.14179	2.180566
2024-05-07	1.26	11.0760416	11.0760416	212.892068	15.196946	2.018721
2024-05-08	0	12.724375	12.724375	425.152761	15.251491	2.332082
2024-05-09	0	14.1210416	14.1210416	543.803944	15.305399	2.574436
2024-05-10	0	15.6558334	15.6558334	505.40087	15.358643	3.020752
2024-05-11	0	15.131875	15.131875	481.746923	15.411198	2.996202
2024-05-12	0	15.6541668	15.6541668	594.05963	15.463034	2.904644
2024-05-13	0	17.1822916	17.1822916	695.136193	15.514125	3.395828
2024-05-14	0	18.1545834	18.1545834	704.000135	15.564441	3.603092
2024-05-15	0	20.2545076	20.2545076	711.351512	15.613953	3.870375
2024-05-16	0.18	16.8777082	16.8777082	464.005116	15.662631	3.729695
2024-05-17	0.02	16.9141664	16.9141664	446.387964	15.710446	3.359572
2024-05-18	0.62	14.6833334	14.6833334	488.221513	15.757367	2.976006
2024-05-19	2.8	15.3189586	15.3189586	465.122912	15.803363	3.016864
2024-05-20	0.02	17.1454168	17.1454168	622.538425	15.848402	3.324565
2024-05-21	7.68	18.4288642	18.4288642	459.857051	15.892453	3.820028
2024-05-22	12.28	15.595625	15.595625	132.777778	15.935485	3.062374
2024-05-23	0.04	18.095625	18.095625	548.028617	15.977465	3.411681
2024-05-24	22.68	16.3404166	16.3404166	457.948401	16.018361	3.265567
2024-05-25	13.46	16.64875	16.64875	548.930228	16.058142	3.341925
2024-05-26	0	18.9258166	18.9258166	647.29797	16.096775	3.759241
2024-05-27	12.64	18.8180978	18.8180978	521.314612	16.134229	3.925997
2024-05-28	0.08	15.446907	15.446907	436.889755	16.170472	3.073738
2024-05-29	0.44	15.7757484	15.7757484	397.03784	16.205473	3.178575
2024-05-30	31.38	15.2255984	15.2255984	209.087883	16.2392	2.906627
2024-05-31	0.14	16.0635914	16.0635914	391.301073	16.271625	3.161023
2024-06-01	7.42	18.258377	18.258377	440.660747	16.302715	3.670453
2024-06-02	2.78	16.4864366	16.4864366	408.059549	16.332444	3.638485
2024-06-03	0	14.299693	14.299693	453.101482	16.360781	2.983093
2024-06-04	0	15.8308332	15.8308332	423.386019	16.3877	3.140823
2024-06-05	0.2	16.1710418	16.1710418	322.310004	16.413174	3.299812
2024-06-06	0	16.3612498	16.3612498	483.025442	16.437176	3.09072
2024-06-07	0.02	15.8763426	15.8763426	586.242863	16.459684	3.091122
2024-06-08	0	18.7862742	18.7862742	704.161092	16.480672	3.74991
2024-06-09	0	15.9512678	15.9512678	566.584915	16.50012	3.173277
2024-06-10	0.12	14.80625	14.80625	511.325954	16.518007	2.949036
2024-06-11	0.02	13.3910416	13.3910416	588.578466	16.534314	2.588023
2024-06-12	0	13.9489582	13.9489582	655.451563	16.549023	2.572893
2024-06-13	0.34	14.3495834	14.3495834	642.27082	16.562118	2.6274
2024-06-14	0.68	14.72	14.72	363.947741	16.573585	3.085547
2024-06-15	3.6	16.7302084	16.7302084	505.941057	16.583411	3.495256
2024-06-16	0	18.5052084	18.5052084	611.266382	16.591586	3.688416
2024-06-17	0.12	18.5785418	18.5785418	567.068163	16.598102	4.075449
2024-06-18	19.84	20.1536866	20.1536866	615.126568	16.602951	4.543797
2024-06-19	2.26	15.1889584	15.1889584	212.546382	16.606127	3.363498
2024-06-20	0	16.4377084	16.4377084	570.008272	16.607629	3.639968
2024-06-21	9.64	20.5112498	20.5112498	398.917396	16.607455	4.594009
2024-06-22	9.82	19.065625	19.065625	466.555624	16.605605	4.050945
2024-06-23	0	18.9083334	18.9083334	434.36884	16.602083	3.872527
2024-06-24	0.02	19.9489306	19.9489306	649.778792	16.596894	4.064162
2024-06-25	0.02	20.4828126	20.4828126	745.451507	16.590043	4.561988
2024-06-26	0.24	22.7129694	22.7129694	674.050243	16.58154	5.254643
2024-06-27	0.04	23.4111314	23.4111314	615.21051	16.571396	5.290118
2024-06-28	0	22.3625	22.3625	637.773076	16.559621	5.089049
2024-06-29	0	23.0528158	23.0528158	700.136884	16.546231	5.303084
2024-06-30	4.82	20.5327084	20.5327084	437.052834	16.531242	4.878468
2024-07-01	10.28	16.564375	16.564375	419.208177	16.514669	3.654688
2024-07-02	2.26	15.352603	15.352603	220.246805	16.496533	3.128884
2024-07-03	0	14.4122916	14.4122916	365.433951	16.476854	2.961163
2024-07-04	5.3	14.9025002	14.9025002	363.032466	16.455653	3.062262
2024-07-05	0	16.87	16.87	427.98307	16.432954	3.349059
2024-07-06	0.3	20.5275	20.5275	585.546008	16.408781	4.518816
2024-07-07	0	17.5966666	17.5966666	689.229823	16.383159	3.78494
2024-07-08	0	20.1527084	20.1527084	627.423262	16.356116	4.234214
2024-07-09	0	23.7695784	23.7695784	716.096007	16.327678	5.362863
2024-07-10	3.74	22.5589584	22.5589584	555.989386	16.297874	5.409663
2024-07-11	0.18	22.225625	22.225625	506.392027	16.266734	4.794032
2024-07-12	15.3	20.5379168	20.5379168	347.161038	16.234286	4.676809
2024-07-13	0	18.9362502	18.9362502	553.332236	16.200561	3.820651
2024-07-14	0	19.7362502	19.7362502	625.268885	16.16559	4.0511
2024-07-15	0	22.4302524	22.4302524	720.125564	16.129405	4.826086
2024-07-16	0.04	22.1456884	22.1456884	555.75026	16.092037	4.897014
2024-07-17	0	19.9885416	19.9885416	492.422403	16.053517	4.331113
2024-07-18	0	21.5314584	21.5314584	557.875778	16.013878	4.502595
2024-07-19	0	23.5381252	23.5381252	637.412121	15.973152	5.019721
2024-07-20	0	25.3791666	25.3791666	575.483836	15.93137	5.340812
2024-07-21	0	24.8360416	24.8360416	587.863043	15.888565	5.526194
2024-07-22	0	22.6550002	22.6550002	635.233217	15.844768	4.870874
2024-07-23	3.52	20.906875	20.906875	431.480418	15.800011	4.558066
2024-07-24	2.48	17.7493728	17.7493728	473.680425	15.754326	3.903597
2024-07-25	0	18.9620834	18.9620834	530.688718	15.707742	3.901371
2024-07-26	0.7	19.1400002	19.1400002	323.451635	15.660292	4.131455
2024-07-27	7.86	20.1697916	20.1697916	287.533505	15.612004	4.219034
2024-07-28	2.94	19.538125	19.538125	498.202765	15.562909	4.0696
2024-07-29	0	18.615625	18.615625	697.157629	15.513037	3.717353
2024-07-30	0	21.2002084	21.2002084	665.196453	15.462415	4.329903
2024-07-31	0	24.5243752	24.5243752	603.404706	15.411072	5.179807
2024-08-01	5.86	24.103125	24.103125	573.954822	15.359036	5.028463
2024-08-02	10.74	19.5117108	19.5117108	297.85741	15.306334	3.945848
2024-08-03	3.32	21.6179166	21.6179166	579.877952	15.252992	4.265138
2024-08-04	2.34	19.7359388	19.7359388	395.255061	15.199035	3.94812
2024-08-05	0	18.485141	18.485141	358.782551	15.144489	3.527414
2024-08-06	0	20.4459452	20.4459452	640.032405	15.089379	4.135254
2024-08-07	0	23.4237982	23.4237982	525.167139	15.033728	4.502566
2024-08-08	0	20.0933332	20.0933332	357.737287	14.977558	3.902099
2024-08-09	0	20.4254166	20.4254166	337.868819	14.920894	4.106832
2024-08-10	0	21.946739	21.946739	497.667854	14.863755	4.238461
2024-08-11	0	21.2349672	21.2349672	411.353339	14.806164	4.035376
2024-08-12	0	22.2825	22.2825	598.054388	14.74814	4.327417
2024-08-13	0	25.564941	25.564941	597.396831	14.689703	5.075862
2024-08-14	0.06	24.7895832	24.7895832	553.347212	14.630873	5.148674
2024-08-15	0	22.9360416	22.9360416	548.263717	14.571667	4.619312
2024-08-16	0	23.4775	23.4775	538.404618	14.512104	4.613646
2024-08-17	0	22.9629872	22.9629872	460.701084	14.4522	4.455274
2024-08-18	0	19.7560684	19.7560684	222.165944	14.391971	3.806731
2024-08-19	0	18.5481252	18.5481252	486.242835	14.331434	3.494579
2024-08-20	0	21.0539584	21.0539584	441.553396	14.270604	3.881358
2024-08-21	0	19.51375	19.51375	441.786039	14.209495	3.599778
2024-08-22	0	18.88875	18.88875	553.685208	14.148122	3.386344
2024-08-23	0	21.9641666	21.9641666	560.037354	14.086497	4.201811
2024-08-24	0	25.6695834	25.6695834	559.441407	14.024634	4.863232
2024-08-25	0.06	19.7608332	19.7608332	388.678365	13.962546	3.873721
2024-08-26	0	16.982885	16.982885	541.611724	13.900243	3.600975
2024-08-27	0	20.2328926	20.2328926	558.911848	13.837738	3.599869
2024-08-28	0	22.528125	22.528125	523.935438	13.775042	4.302897
2024-08-29	0	24.7352082	24.7352082	499.161684	13.712164	4.885521
2024-08-30	0	22.136771	22.136771	399.541131	13.649115	4.068749
2024-08-31	0	19.2201242	19.2201242	376.455265	13.585905	3.400259
2024-09-01	0	20.7245834	20.7245834	500.649851	13.522543	3.778065
2024-09-02	0	21.5522916	21.5522916	505.227109	13.459037	3.987179
2024-09-03	0	23.4446874	23.4446874	471.178591	13.395396	4.508403
2024-09-04	0	23.5316994	23.5316994	458.610746	13.331628	4.662937
2024-09-05	0	23.4496876	23.4496876	473.467814	13.267742	4.748043
2024-09-06	0	21.743125	21.743125	489.437977	13.203744	4.488821
2024-09-07	0	21.2592572	21.2592572	473.015735	13.139641	4.276721
2024-09-08	1.02	21.6264582	21.6264582	456.462633	13.075441	4.27657
2024-09-09	9.06	17.4402218	17.4402218	229.221714	13.011151	3.037965
2024-09-10	5.64	15.4339772	15.4339772	282.724047	12.946776	2.665065
2024-09-11	1.04	13.1725458	13.1725458	124.331336	12.882323	2.260405
2024-09-12	0.02	11.011948	11.011948	360.212539	12.817797	1.753644
2024-09-13	0.46	11.0307248	11.0307248	186.621077	12.753206	1.670016
2024-09-14	0.02	11.8897098	11.8897098	300.574395	12.688553	1.84607
2024-09-15	2.24	12.8126532	12.8126532	350.769392	12.623846	1.922735
2024-09-16	2.34	12.6901296	12.6901296	128.420564	12.559089	1.851291
2024-09-17	0	16.2043738	16.2043738	315.837574	12.494287	2.758523
2024-09-18	0	16.4954424	16.4954424	363.75372	12.429447	2.955649
2024-09-19	1.6	16.399636	16.399636	371.41214	12.364572	2.837517
2024-09-20	0	15.6525042	15.6525042	398.495845	12.299668	2.686042
2024-09-21	0	15.0423982	15.0423982	405.796266	12.23474	2.633694
2024-09-22	0	14.778491	14.778491	399.53772	12.169793	2.532571
2024-09-23	0.22	16.8962496	16.8962496	316.104331	12.104832	2.680045
2024-09-24	20.24	14.6351504	14.6351504	175.230544	12.039863	2.314026
2024-09-25	0.04	15.0433392	15.0433392	215.768023	11.974889	2.403145
2024-09-26	1.46	15.261785	15.261785	125.150733	11.909918	2.481325
2024-09-27	0.02	14.7146428	14.7146428	323.614324	11.844952	2.324307
2024-09-28	0.14	12.1688366	12.1688366	320.907665	11.779999	1.689514
2024-09-29	0	10.929905	10.929905	247.049235	11.715063	1.292234
2024-09-30	0.76	11.9824452	11.9824452	332.606414	11.65015	1.534458
2024-10-01	1.5	13.1531106	13.1531106	263.287508	11.585266	1.861057
2024-10-02	5.98	11.3864572	11.3864572	191.188678	11.520417	1.409992
2024-10-03	0.7	11.523164	11.523164	119.695197	11.455609	1.344589
2024-10-04	0.84	11.9881778	11.9881778	130.609346	11.390848	1.42122
2024-10-05	0.6	11.0058996	11.0058996	154.762126	11.326141	1.238217
2024-10-06	0.02	10.2825934	10.2825934	225.363156	11.261494	1.194545
2024-10-07	1.66	12.2182452	12.2182452	187.39118	11.196915	1.676101
2024-10-08	6.8	14.533027	14.533027	162.377732	11.132412	2.164592
2024-10-09	0.08	13.606532	13.606532	246.589062	11.067991	2.192452
2024-10-10	0.66	12.8768752	12.8768752	150.913545	11.003662	2.102053
2024-10-11	0.76	8.8187194	8.8187194	236.860409	10.939432	1.139055
2024-10-12	0.04	8.9632394	8.9632394	247.066618	10.875311	0.949744
2024-10-13	0.34	10.722157	10.722157	218.346838	10.811307	1.333294
2024-10-14	0.2	9.8995832	9.8995832	207.899601	10.747431	1.052008
2024-10-15	0.02	8.7776042	8.7776042	229.105404	10.683692	0.776159
2024-10-16	0	9.9408332	9.9408332	281.035432	10.620101	1.154148
2024-10-17	0	11.6953124	11.6953124	214.689802	10.55667	1.59027
2024-10-18	0	11.1764582	11.1764582	220.19303	10.493409	1.448932
2024-10-19	0	12.8383334	12.8383334	164.388118	10.430332	1.766933
2024-10-20	0	13.111875	13.111875	228.582962	10.367451	1.803085
2024-10-21	0.16	13.8238234	13.8238234	128.925503	10.304778	2.013715
2024-10-22	0	11.3172302	11.3172302	141.310058	10.24233	1.593797
2024-10-23	0	8.996667	8.996667	229.788689	10.180118	1.093056
2024-10-24	0	8.9064494	8.9064494	213.822779	10.11816	1.163527
2024-10-25	0	12.6066664	12.6066664	220.805018	10.056471	1.454746
2024-10-26	0	11.13875	11.13875	215.670727	9.995068	1.365928
2024-10-27	0.78	11.6952082	11.6952082	166.080464	9.933967	1.430504
2024-10-28	0.06	13.8027324	13.8027324	152.117769	9.873187	1.65696
2024-10-29	0.3	13.123125	13.123125	103.89849	9.812747	1.445217
2024-10-30	0.72	12.887921	12.887921	70.301977	9.752667	1.475871
2024-10-31	0	10.9362502	10.9362502	120.094801	9.692965	1.312231
2024-11-01	0	9.8933334	9.8933334	179.867164	9.633665	1.121304
2024-11-02	0.22	7.2120834	7.2120834	105.568739	9.574788	0.912134
2024-11-03	0	3.1420832	3.1420832	187.190078	9.516355	0.597493
2024-11-04	0	4.8575	4.8575	79.225984	9.458392	0.453528
2024-11-05	0	6.0402082	6.0402082	138.27501	9.400923	0.500045
2024-11-06	0	5.7289582	5.7289582	122.954029	9.343972	0.446359
2024-11-07	0	5.0645834	5.0645834	58.823289	9.287565	0.45891
2024-11-08	0	5.2616664	5.2616664	42.005489	9.231731	0.497305
2024-11-09	0.06	2.9435418	2.9435418	124.530996	9.176495	0.341614
2024-11-10	0.22	2.9077084	2.9077084	81.877456	9.121888	0.277269
2024-11-11	0.32	6.4983334	6.4983334	40.747761	9.067938	0.600466
2024-11-12	0.84	5.0841668	5.0841668	59.148829	9.014675	0.489396
2024-11-13	0.14	4.5461184	4.5461184	47.695097	8.962131	0.460164
2024-11-14	1.12	6.834375	6.834375	38.045871	8.910336	0.654649
2024-11-15	0	7.7166668	7.7166668	78.259526	8.859324	0.664675
2024-11-16	0	6.0202084	6.0202084	95.988991	8.809127	0.441717
2024-11-17	0.26	5.3179168	5.3179168	31.513148	8.75978	0.426189
2024-11-18	1.04	3.5627084	3.5627084	100.123178	8.711316	0.277441
2024-11-19	7.82	5.9935418	5.9935418	23.039328	8.66377	0.505627
2024-11-20	0.92	2.4437498	2.4437498	79.579716	8.617177	0.162609
2024-11-21	0	1.6820834	1.6820834	106.154868	8.571575	0.068611
2024-11-22	0.06	2.0033334	2.0033334	91.25143	8.526997	0.064871
2024-11-23	0.04	3.1114218	3.1114218	117.888513	8.483483	0.159445
2024-11-24	0.06	8.916875	8.916875	66.596479	8.441067	0.987494
2024-11-25	0.02	11.0277086	11.0277086	103.681553	8.399787	1.264873
2024-11-26	0.22	7.9279166	7.9279166	106.939282	8.359679	0.809695
2024-11-27	0	6.6954168	6.6954168	60.240178	8.320782	0.604377
2024-11-28	0.26	6.5595834	6.5595834	38.242459	8.283131	0.574379
2024-11-29	0	4.2129168	4.2129168	38.494722	8.246764	0.306049
2024-11-30	0.02	-0.1279168	-0.1279168	116.663995	8.211716	0.08327
2024-12-01	0	-0.9172458	-0.9172458	116.953477	8.178023	0.030771
2024-12-02	0	3.4977084	3.4977084	94.536822	8.145721	0.319066
2024-12-03	0.72	4.3885416	4.3885416	47.463001	8.114844	0.393763
2024-12-04	0.24	3.6058332	3.6058332	60.746517	8.085427	0.202057
2024-12-05	0	2.79	2.79	68.906862	8.057501	0.114281
2024-12-06	3.68	6.2720834	6.2720834	41.114833	8.0311	0.446181
2024-12-07	3.82	4.4224692	4.4224692	28.787298	8.006253	0.355302
2024-12-08	0.12	3.9241668	3.9241668	61.110021	7.98299	0.248113
2024-12-09	2.04	3.0189584	3.0189584	24.201166	7.96134	0.16727
2024-12-10	0.3	2.29125	2.29125	24.362048	7.941329	0.103868
2024-12-11	0.06	1.5970832	1.5970832	32.19292	7.922982	0.07137
2024-12-12	0	1.2700002	1.2700002	46.097535	7.906322	0.054622
2024-12-13	0	-0.5552082	-0.5552082	95.531793	7.891371	0
2024-12-14	0.16	0.8288378	0.8288378	39.035006	7.878148	0.014781
2024-12-15	0.02	4.4623188	4.4623188	49.283068	7.866671	0.31001
2024-12-16	0	9.0891664	9.0891664	18.384775	7.856956	0.745165
2024-12-17	0	8.021875	8.021875	39.328468	7.849015	0.653035
2024-12-18	0	8.6308964	8.6308964	67.031679	7.84286	0.634335
2024-12-19	2.72	10.0208334	10.0208334	36.672934	7.838499	0.837706
2024-12-20	0	3.9268752	3.9268752	82.430977	7.835939	0.314637
2024-12-21	0.32	4.6429168	4.6429168	58.773985	7.835184	0.330377
2024-12-22	1.94	4.9141666	4.9141666	53.661421	7.836236	0.375075
2024-12-23	0	2.5939584	2.5939584	63.543628	7.839094	0.139062
2024-12-24	0	2.170625	2.170625	81.499935	7.843755	0.164527
2024-12-25	0	4.095	4.095	32.185898	7.850214	0.24947
2024-12-26	0	4.0010414	4.0010414	29.060157	7.858463	0.360507
2024-12-27	0.14	-0.3641666	-0.3641666	58.224687	7.868492	0.070521
2024-12-28	0.18	-1.2741668	-1.2741668	99.920227	7.880288	0
2024-12-29	0	0.0172916	0.0172916	94.743776	7.893838	0.003835
2024-12-30	0	0.0108334	0.0108334	87.110307	7.909124	0.014316
2024-12-31	0	0.7835416	0.7835416	91.217303	7.926128	0.027634
